"STATION","NAME","DATE","PRCP","TAVG","TMAX","TMIN"
"IN023351400","LUCKNOW AMAUSI, IN","2020-01-01",,"55",,"39"
"IN023351400","LUCKNOW AMAUSI, IN","2020-01-02",,"62",,"47"
"IN023351400","LUCKNOW AMAUSI, IN","2020-01-03","0.08","58","74",
"IN023351400","LUCKNOW AMAUSI, IN","2020-01-04","0.55","58","68","50"
"IN023351400","LUCKNOW AMAUSI, IN","2020-01-05","0.00","58",,
"IN023351400","LUCKNOW AMAUSI, IN","2020-01-06",,"60",,"50"
"IN023351400","LUCKNOW AMAUSI, IN","2020-01-07",,"60","74",
"IN023351400","LUCKNOW AMAUSI, IN","2020-01-08","0.12","57","72",
"IN023351400","LUCKNOW AMAUSI, IN","2020-01-09","0.20","56",,
"IN023351400","LUCKNOW AMAUSI, IN","2020-01-10","0.00","49","65",
"IN023351400","LUCKNOW AMAUSI, IN","2020-01-11",,"51","65","41"
"IN023351400","LUCKNOW AMAUSI, IN","2020-01-12",,"53",,
"IN023351400","LUCKNOW AMAUSI, IN","2020-01-13",,"52","68","43"
"IN023351400","LUCKNOW AMAUSI, IN","2020-01-14",,"60",,"49"
"IN023351400","LUCKNOW AMAUSI, IN","2020-01-15",,"59","71","53"
"IN023351400","LUCKNOW AMAUSI, IN","2020-01-16","1.54","58","63","57"
"IN023351400","LUCKNOW AMAUSI, IN","2020-01-17","1.38","58",,
"IN023351400","LUCKNOW AMAUSI, IN","2020-01-18","0.00","57","62","53"
"IN023351400","LUCKNOW AMAUSI, IN","2020-01-19","0.00","56",,
"IN023351400","LUCKNOW AMAUSI, IN","2020-01-20",,"53","65",
"IN023351400","LUCKNOW AMAUSI, IN","2020-01-21",,"52",,
"IN023351400","LUCKNOW AMAUSI, IN","2020-01-22",,"55",,
"IN023351400","LUCKNOW AMAUSI, IN","2020-01-23",,"56","70",
"IN023351400","LUCKNOW AMAUSI, IN","2020-01-24",,"55","71",
"IN023351400","LUCKNOW AMAUSI, IN","2020-01-25",,"57","70","45"
"IN023351400","LUCKNOW AMAUSI, IN","2020-01-26",,"55","72","46"
"IN023351400","LUCKNOW AMAUSI, IN","2020-01-27",,"60",,"45"
"IN023351400","LUCKNOW AMAUSI, IN","2020-01-28",,"63","77","53"
"IN023351400","LUCKNOW AMAUSI, IN","2020-01-29",,"62","74",
"IN023351400","LUCKNOW AMAUSI, IN","2020-01-30",,"59","76",
"IN023351400","LUCKNOW AMAUSI, IN","2020-01-31",,"57","74",
"IN023351400","LUCKNOW AMAUSI, IN","2020-02-01",,"58","71",
"IN023351400","LUCKNOW AMAUSI, IN","2020-02-02",,"57","72",
"IN023351400","LUCKNOW AMAUSI, IN","2020-02-03",,"56","71",
"IN023351400","LUCKNOW AMAUSI, IN","2020-02-04",,"59",,
"IN023351400","LUCKNOW AMAUSI, IN","2020-02-05",,"59",,"47"
"IN023351400","LUCKNOW AMAUSI, IN","2020-02-06",,"59","74","46"
"IN023351400","LUCKNOW AMAUSI, IN","2020-02-07",,"60","74",
"IN023351400","LUCKNOW AMAUSI, IN","2020-02-08",,"58","74","46"
"IN023351400","LUCKNOW AMAUSI, IN","2020-02-09",,"60",,"47"
"IN023351400","LUCKNOW AMAUSI, IN","2020-02-10",,"60","76",
"IN023351400","LUCKNOW AMAUSI, IN","2020-02-11",,"59","76",
"IN023351400","LUCKNOW AMAUSI, IN","2020-02-12",,"61",,"47"
"IN023351400","LUCKNOW AMAUSI, IN","2020-02-13",,"65",,
"IN023351400","LUCKNOW AMAUSI, IN","2020-02-14",,"65","80",
"IN023351400","LUCKNOW AMAUSI, IN","2020-02-15",,"63","81","49"
"IN023351400","LUCKNOW AMAUSI, IN","2020-02-16",,"65",,"50"
"IN023351400","LUCKNOW AMAUSI, IN","2020-02-17",,"66","81",
"IN023351400","LUCKNOW AMAUSI, IN","2020-02-18",,"64",,
"IN023351400","LUCKNOW AMAUSI, IN","2020-02-19",,"68",,
"IN023351400","LUCKNOW AMAUSI, IN","2020-02-20",,"70","83","58"
"IN023351400","LUCKNOW AMAUSI, IN","2020-02-21","0.28","65","83",
"IN023351400","LUCKNOW AMAUSI, IN","2020-02-22","0.00","67",,"57"
"IN023351400","LUCKNOW AMAUSI, IN","2020-02-23",,"70",,"62"
"IN023351400","LUCKNOW AMAUSI, IN","2020-02-24",,"68","82",
"IN023351400","LUCKNOW AMAUSI, IN","2020-02-25",,"64","83",
"IN023351400","LUCKNOW AMAUSI, IN","2020-02-26",,"66",,"55"
"IN023351400","LUCKNOW AMAUSI, IN","2020-02-27",,"67","78",
"IN023351400","LUCKNOW AMAUSI, IN","2020-02-28",,"68",,"58"
"IN023351400","LUCKNOW AMAUSI, IN","2020-02-29",,"71",,"61"
"IN023351400","LUCKNOW AMAUSI, IN","2020-03-01","0.02","71","81","63"
"IN023351400","LUCKNOW AMAUSI, IN","2020-03-02","0.00","72",,"61"
"IN023351400","LUCKNOW AMAUSI, IN","2020-03-03",,"73",,
"IN023351400","LUCKNOW AMAUSI, IN","2020-03-04",,"71","86","62"
"IN023351400","LUCKNOW AMAUSI, IN","2020-03-05",,"69","86",
"IN023351400","LUCKNOW AMAUSI, IN","2020-03-06","0.00","68","83",
"IN023351400","LUCKNOW AMAUSI, IN","2020-03-07","0.87","67","80",
"IN023351400","LUCKNOW AMAUSI, IN","2020-03-08","0.00","66",,
"IN023351400","LUCKNOW AMAUSI, IN","2020-03-09",,"67",,
"IN023351400","LUCKNOW AMAUSI, IN","2020-03-10",,"64","80",
"IN023351400","LUCKNOW AMAUSI, IN","2020-03-11","0.03","68",,"58"
"IN023351400","LUCKNOW AMAUSI, IN","2020-03-12","0.00","76",,"63"
"IN023351400","LUCKNOW AMAUSI, IN","2020-03-13","0.24","66","87",
"IN023351400","LUCKNOW AMAUSI, IN","2020-03-14","0.47","67",,"59"
"IN023351400","LUCKNOW AMAUSI, IN","2020-03-15","0.00","70",,
"IN023351400","LUCKNOW AMAUSI, IN","2020-03-16",,"68","80",
"IN023351400","LUCKNOW AMAUSI, IN","2020-03-17",,"70",,"57"
"IN023351400","LUCKNOW AMAUSI, IN","2020-03-18",,"72",,"60"
"IN023351400","LUCKNOW AMAUSI, IN","2020-03-19",,"73",,"60"
"IN023351400","LUCKNOW AMAUSI, IN","2020-03-20",,"76",,
"IN023351400","LUCKNOW AMAUSI, IN","2020-03-21",,"74","91",
"IN023351400","LUCKNOW AMAUSI, IN","2020-03-22",,"76",,
"IN023351400","LUCKNOW AMAUSI, IN","2020-03-23",,"76","90","65"
"IN023351400","LUCKNOW AMAUSI, IN","2020-03-24",,"78",,
"IN023351400","LUCKNOW AMAUSI, IN","2020-03-25",,"80","92","69"
"IN023351400","LUCKNOW AMAUSI, IN","2020-03-26",,"80","93",
"IN023351400","LUCKNOW AMAUSI, IN","2020-03-27",,"70","94",
"IN023351400","LUCKNOW AMAUSI, IN","2020-03-28",,"75",,"64"
"IN023351400","LUCKNOW AMAUSI, IN","2020-03-29",,"76",,
"IN023351400","LUCKNOW AMAUSI, IN","2020-03-30",,"77","90","60"
"IN023351400","LUCKNOW AMAUSI, IN","2020-03-31",,"78",,"61"
"IN023351400","LUCKNOW AMAUSI, IN","2020-04-01",,"83",,
"IN023351400","LUCKNOW AMAUSI, IN","2020-04-02",,"80","98",
"IN023351400","LUCKNOW AMAUSI, IN","2020-04-03",,"77","94",
"IN023351400","LUCKNOW AMAUSI, IN","2020-04-04",,"77",,"60"
"IN023351400","LUCKNOW AMAUSI, IN","2020-04-05",,"81",,"62"
"IN023351400","LUCKNOW AMAUSI, IN","2020-04-06",,"85",,
"IN023351400","LUCKNOW AMAUSI, IN","2020-04-07",,"85","99","70"
"IN023351400","LUCKNOW AMAUSI, IN","2020-04-08",,"85","101",
"IN023351400","LUCKNOW AMAUSI, IN","2020-04-09",,"82","99","67"
"IN023351400","LUCKNOW AMAUSI, IN","2020-04-10",,"82","97","65"
"IN023351400","LUCKNOW AMAUSI, IN","2020-04-11",,"85",,"68"
"IN023351400","LUCKNOW AMAUSI, IN","2020-04-12",,"85","101","71"
"IN023351400","LUCKNOW AMAUSI, IN","2020-04-13",,"87",,"69"
"IN023351400","LUCKNOW AMAUSI, IN","2020-04-14",,"88","102","73"
"IN023351400","LUCKNOW AMAUSI, IN","2020-04-15",,"86","102","76"
"IN023351400","LUCKNOW AMAUSI, IN","2020-04-16",,"86","99",
"IN023351400","LUCKNOW AMAUSI, IN","2020-04-17",,"87","100","76"
"IN023351400","LUCKNOW AMAUSI, IN","2020-04-18",,"87",,"75"
"IN023351400","LUCKNOW AMAUSI, IN","2020-04-19",,"88","100","75"
"IN023351400","LUCKNOW AMAUSI, IN","2020-04-20",,"84","99",
"IN023351400","LUCKNOW AMAUSI, IN","2020-04-21","0.08","82","97","70"
"IN023351400","LUCKNOW AMAUSI, IN","2020-04-22","0.01","83",,"71"
"IN023351400","LUCKNOW AMAUSI, IN","2020-04-23","0.00","81","96","71"
"IN023351400","LUCKNOW AMAUSI, IN","2020-04-24",,"85",,"74"
"IN023351400","LUCKNOW AMAUSI, IN","2020-04-25","0.00","83","97",
"IN023351400","LUCKNOW AMAUSI, IN","2020-04-26","0.00","78","94",
"IN023351400","LUCKNOW AMAUSI, IN","2020-04-27","0.43","80","93","68"
"IN023351400","LUCKNOW AMAUSI, IN","2020-04-28","0.00","82",,"72"
"IN023351400","LUCKNOW AMAUSI, IN","2020-04-29",,"83","93","72"
"IN023351400","LUCKNOW AMAUSI, IN","2020-04-30",,"85",,"74"
"IN023351400","LUCKNOW AMAUSI, IN","2020-05-01",,"78","96",
"IN023351400","LUCKNOW AMAUSI, IN","2020-05-02",,"83",,"72"
"IN023351400","LUCKNOW AMAUSI, IN","2020-05-03",,"86",,"75"
"IN023351400","LUCKNOW AMAUSI, IN","2020-05-04","0.04","84","97",
"IN023351400","LUCKNOW AMAUSI, IN","2020-05-05","0.47","76","97",
"IN023351400","LUCKNOW AMAUSI, IN","2020-05-06","0.47","80","92","68"
"IN023351400","LUCKNOW AMAUSI, IN","2020-05-07","0.00","80","94","69"
"IN023351400","LUCKNOW AMAUSI, IN","2020-05-08",,"86",,"72"
"IN023351400","LUCKNOW AMAUSI, IN","2020-05-09",,"87","99","76"
"IN023351400","LUCKNOW AMAUSI, IN","2020-05-10",,"82","98",
"IN023351400","LUCKNOW AMAUSI, IN","2020-05-11",,"83","97","69"
"IN023351400","LUCKNOW AMAUSI, IN","2020-05-12",,"86",,"77"
"IN023351400","LUCKNOW AMAUSI, IN","2020-05-13",,"85",,
"IN023351400","LUCKNOW AMAUSI, IN","2020-05-14",,"88","101","76"
"IN023351400","LUCKNOW AMAUSI, IN","2020-05-15",,"90",,"79"
"IN023351400","LUCKNOW AMAUSI, IN","2020-05-16",,"90",,
"IN023351400","LUCKNOW AMAUSI, IN","2020-05-17",,"91",,"75"
"IN023351400","LUCKNOW AMAUSI, IN","2020-05-18",,"90","105",
"IN023351400","LUCKNOW AMAUSI, IN","2020-05-19","0.00","89","105","74"
"IN023351400","LUCKNOW AMAUSI, IN","2020-05-20",,"89","105","77"
"IN023351400","LUCKNOW AMAUSI, IN","2020-05-21",,"90",,"77"
"IN023351400","LUCKNOW AMAUSI, IN","2020-05-22",,"91","105",
"IN023351400","LUCKNOW AMAUSI, IN","2020-05-23",,"91","107","81"
"IN023351400","LUCKNOW AMAUSI, IN","2020-05-24",,"95",,
"IN023351400","LUCKNOW AMAUSI, IN","2020-05-25",,"96",,
"IN023351400","LUCKNOW AMAUSI, IN","2020-05-26",,"96","111","81"
"IN023351400","LUCKNOW AMAUSI, IN","2020-05-27",,"95","111",
"IN023351400","LUCKNOW AMAUSI, IN","2020-05-28","0.00","86","109",
"IN023351400","LUCKNOW AMAUSI, IN","2020-05-29",,"86","96",
"IN023351400","LUCKNOW AMAUSI, IN","2020-05-30","0.04","80","97",
"IN023351400","LUCKNOW AMAUSI, IN","2020-05-31","2.32","81","96","72"
"IN023351400","LUCKNOW AMAUSI, IN","2020-06-01","0.00","87",,
"IN023351400","LUCKNOW AMAUSI, IN","2020-06-02",,"85","98",
"IN023351400","LUCKNOW AMAUSI, IN","2020-06-03",,"88","95","79"
"IN023351400","LUCKNOW AMAUSI, IN","2020-06-04","0.02","80","96",
"IN023351400","LUCKNOW AMAUSI, IN","2020-06-05","0.16","74","86",
"IN023351400","LUCKNOW AMAUSI, IN","2020-06-06","0.12","83",,
"IN023351400","LUCKNOW AMAUSI, IN","2020-06-07","0.00","87",,"76"
"IN023351400","LUCKNOW AMAUSI, IN","2020-06-08",,"91",,"78"
"IN023351400","LUCKNOW AMAUSI, IN","2020-06-09",,"94",,"81"
"IN023351400","LUCKNOW AMAUSI, IN","2020-06-10",,"93","104","84"
"IN023351400","LUCKNOW AMAUSI, IN","2020-06-11",,"92","104","85"
"IN023351400","LUCKNOW AMAUSI, IN","2020-06-12","0.00","94",,"85"
"IN023351400","LUCKNOW AMAUSI, IN","2020-06-13",,"92","103","84"
"IN023351400","LUCKNOW AMAUSI, IN","2020-06-14",,"92",,
"IN023351400","LUCKNOW AMAUSI, IN","2020-06-15","0.12","88","102","79"
"IN023351400","LUCKNOW AMAUSI, IN","2020-06-16","0.02","88",,"80"
"IN023351400","LUCKNOW AMAUSI, IN","2020-06-17","0.00","85","98","80"
"IN023351400","LUCKNOW AMAUSI, IN","2020-06-18","0.00","85","94",
"IN023351400","LUCKNOW AMAUSI, IN","2020-06-19","0.00","87",,"80"
"IN023351400","LUCKNOW AMAUSI, IN","2020-06-20",,"85","98",
"IN023351400","LUCKNOW AMAUSI, IN","2020-06-21","0.02","83","97","78"
"IN023351400","LUCKNOW AMAUSI, IN","2020-06-22","0.01","85","94",
"IN023351400","LUCKNOW AMAUSI, IN","2020-06-23","0.00","84","96",
"IN023351400","LUCKNOW AMAUSI, IN","2020-06-24","0.55","85","95","80"
"IN023351400","LUCKNOW AMAUSI, IN","2020-06-25","0.35","81","92",
"IN023351400","LUCKNOW AMAUSI, IN","2020-06-26","1.30","84",,"76"
"IN023351400","LUCKNOW AMAUSI, IN","2020-06-27","0.01","85","92","78"
"IN023351400","LUCKNOW AMAUSI, IN","2020-06-28","0.00","87",,
"IN023351400","LUCKNOW AMAUSI, IN","2020-06-29","0.55","82","98","73"
"IN023351400","LUCKNOW AMAUSI, IN","2020-06-30","0.00","87",,"79"
"IN023351400","LUCKNOW AMAUSI, IN","2020-07-01",,"87","96","81"
"IN023351400","LUCKNOW AMAUSI, IN","2020-07-02",,"91",,"81"
"IN023351400","LUCKNOW AMAUSI, IN","2020-07-03",,"87","99","84"
"IN023351400","LUCKNOW AMAUSI, IN","2020-07-04",,"86","97",
"IN023351400","LUCKNOW AMAUSI, IN","2020-07-05",,"85","96","80"
"IN023351400","LUCKNOW AMAUSI, IN","2020-07-06","1.10","80","93","76"
"IN023351400","LUCKNOW AMAUSI, IN","2020-07-07","1.38","82","91","75"
"IN023351400","LUCKNOW AMAUSI, IN","2020-07-08","0.02","85",,"81"
"IN023351400","LUCKNOW AMAUSI, IN","2020-07-09","0.04","87","95","81"
"IN023351400","LUCKNOW AMAUSI, IN","2020-07-10","0.00","84","95",
"IN023351400","LUCKNOW AMAUSI, IN","2020-07-11","0.55","87",,"80"
"IN023351400","LUCKNOW AMAUSI, IN","2020-07-12","0.00","88","95","82"
"IN023351400","LUCKNOW AMAUSI, IN","2020-07-13",,"88","97",
"IN023351400","LUCKNOW AMAUSI, IN","2020-07-14","1.34","84","98","73"
"IN023351400","LUCKNOW AMAUSI, IN","2020-07-15","0.00","87",,"81"
"IN023351400","LUCKNOW AMAUSI, IN","2020-07-16","0.39","86","95",
"IN023351400","LUCKNOW AMAUSI, IN","2020-07-17","0.31","90",,"83"
"IN023351400","LUCKNOW AMAUSI, IN","2020-07-18","0.00","89","98","83"
"IN023351400","LUCKNOW AMAUSI, IN","2020-07-19",,"84","97",
"IN023351400","LUCKNOW AMAUSI, IN","2020-07-20","0.12","82","92",
"IN023351400","LUCKNOW AMAUSI, IN","2020-07-21","1.42","83",,"76"
"IN023351400","LUCKNOW AMAUSI, IN","2020-07-22","0.35","84",,"77"
"IN023351400","LUCKNOW AMAUSI, IN","2020-07-23","0.12","86","95",
"IN023351400","LUCKNOW AMAUSI, IN","2020-07-24","0.00","85","95",
"IN023351400","LUCKNOW AMAUSI, IN","2020-07-25",,"87","95","81"
"IN023351400","LUCKNOW AMAUSI, IN","2020-07-26",,"89",,"82"
"IN023351400","LUCKNOW AMAUSI, IN","2020-07-27",,"87",,
"IN023351400","LUCKNOW AMAUSI, IN","2020-07-28","0.03","85","99",
"IN023351400","LUCKNOW AMAUSI, IN","2020-07-29","1.46","80","92",
"IN023351400","LUCKNOW AMAUSI, IN","2020-07-30","0.04","83",,
"IN023351400","LUCKNOW AMAUSI, IN","2020-07-31","0.87","84",,"80"
"IN023351400","LUCKNOW AMAUSI, IN","2020-08-01","0.00","85","91","80"
"IN023351400","LUCKNOW AMAUSI, IN","2020-08-02","0.02","86",,
"IN023351400","LUCKNOW AMAUSI, IN","2020-08-03","0.20","85","94","80"
"IN023351400","LUCKNOW AMAUSI, IN","2020-08-04","0.00","87",,"80"
"IN023351400","LUCKNOW AMAUSI, IN","2020-08-05","1.65","87","96","79"
"IN023351400","LUCKNOW AMAUSI, IN","2020-08-06","0.00","85","96",
"IN023351400","LUCKNOW AMAUSI, IN","2020-08-07","0.00","87",,"80"
"IN023351400","LUCKNOW AMAUSI, IN","2020-08-08",,"88","96",
"IN023351400","LUCKNOW AMAUSI, IN","2020-08-09","0.00","87",,"84"
"IN023351400","LUCKNOW AMAUSI, IN","2020-08-10",,"88",,"83"
"IN023351400","LUCKNOW AMAUSI, IN","2020-08-11",,"86","97",
"IN023351400","LUCKNOW AMAUSI, IN","2020-08-12","3.07","83","96","77"
"IN023351400","LUCKNOW AMAUSI, IN","2020-08-13","0.83","81","90","77"
"IN023351400","LUCKNOW AMAUSI, IN","2020-08-14","2.24","82",,"78"
"IN023351400","LUCKNOW AMAUSI, IN","2020-08-15","1.10","87",,"79"
"IN023351400","LUCKNOW AMAUSI, IN","2020-08-16","0.16","87",,"81"
"IN023351400","LUCKNOW AMAUSI, IN","2020-08-17","0.00","88","96","83"
"IN023351400","LUCKNOW AMAUSI, IN","2020-08-18",,"88",,"82"
"IN023351400","LUCKNOW AMAUSI, IN","2020-08-19","0.00","83","99","78"
"IN023351400","LUCKNOW AMAUSI, IN","2020-08-20","0.02","87",,"81"
"IN023351400","LUCKNOW AMAUSI, IN","2020-08-21","0.00","84","96","81"
"IN023351400","LUCKNOW AMAUSI, IN","2020-08-22","0.04","83","90",
"IN023351400","LUCKNOW AMAUSI, IN","2020-08-23","0.04","82",,"77"
"IN023351400","LUCKNOW AMAUSI, IN","2020-08-24","0.12","85","92","78"
"IN023351400","LUCKNOW AMAUSI, IN","2020-08-25","0.00","86",,"80"
"IN023351400","LUCKNOW AMAUSI, IN","2020-08-26",,"86","95",
"IN023351400","LUCKNOW AMAUSI, IN","2020-08-27","0.00","84","96",
"IN023351400","LUCKNOW AMAUSI, IN","2020-08-28","0.55","84",,"79"
"IN023351400","LUCKNOW AMAUSI, IN","2020-08-29","0.04","83","96",
"IN023351400","LUCKNOW AMAUSI, IN","2020-08-30","0.04","85","93","77"
"IN023351400","LUCKNOW AMAUSI, IN","2020-08-31","0.00","86",,"79"
"IN023351400","LUCKNOW AMAUSI, IN","2020-09-01",,"86","96","80"
"IN023351400","LUCKNOW AMAUSI, IN","2020-09-02","0.00","83","95",
"IN023351400","LUCKNOW AMAUSI, IN","2020-09-03","0.87","85",,"79"
"IN023351400","LUCKNOW AMAUSI, IN","2020-09-04","0.00","87",,
"IN023351400","LUCKNOW AMAUSI, IN","2020-09-05",,"87","97",
"IN023351400","LUCKNOW AMAUSI, IN","2020-09-06",,"88",,"81"
"IN023351400","LUCKNOW AMAUSI, IN","2020-09-07",,"88",,"82"
"IN023351400","LUCKNOW AMAUSI, IN","2020-09-08",,"89","99","82"
"IN023351400","LUCKNOW AMAUSI, IN","2020-09-09",,"87","98",
"IN023351400","LUCKNOW AMAUSI, IN","2020-09-10",,"87","99","82"
"IN023351400","LUCKNOW AMAUSI, IN","2020-09-11",,"87","96","81"
"IN023351400","LUCKNOW AMAUSI, IN","2020-09-12","0.00","87",,"82"
"IN023351400","LUCKNOW AMAUSI, IN","2020-09-13","0.00","88","97","82"
"IN023351400","LUCKNOW AMAUSI, IN","2020-09-14","0.00","87","99","82"
"IN023351400","LUCKNOW AMAUSI, IN","2020-09-15","0.00","88","99","82"
"IN023351400","LUCKNOW AMAUSI, IN","2020-09-16","0.02","88",,
"IN023351400","LUCKNOW AMAUSI, IN","2020-09-17","0.00","89","99","82"
"IN023351400","LUCKNOW AMAUSI, IN","2020-09-18",,"88","98","81"
"IN023351400","LUCKNOW AMAUSI, IN","2020-09-19",,"86","99","82"
"IN023351400","LUCKNOW AMAUSI, IN","2020-09-20",,"88",,
"IN023351400","LUCKNOW AMAUSI, IN","2020-09-21",,"88","99",
"IN023351400","LUCKNOW AMAUSI, IN","2020-09-22",,"84","100",
"IN023351400","LUCKNOW AMAUSI, IN","2020-09-23","0.28","80","94","78"
"IN023351400","LUCKNOW AMAUSI, IN","2020-09-24","1.34","77","85",
"IN023351400","LUCKNOW AMAUSI, IN","2020-09-25","0.31","82",,"74"
"IN023351400","LUCKNOW AMAUSI, IN","2020-09-26","0.00","85",,"76"
"IN023351400","LUCKNOW AMAUSI, IN","2020-09-27",,"85","96","78"
"IN023351400","LUCKNOW AMAUSI, IN","2020-09-28",,"85","95","76"
"IN023351400","LUCKNOW AMAUSI, IN","2020-09-29",,"84","95","75"
"IN023351400","LUCKNOW AMAUSI, IN","2020-09-30",,"83","94","74"
"IN023351400","LUCKNOW AMAUSI, IN","2020-10-01",,"83","95","73"
"IN023351400","LUCKNOW AMAUSI, IN","2020-10-02",,"84",,"74"
"IN023351400","LUCKNOW AMAUSI, IN","2020-10-03",,"85","96","76"
"IN023351400","LUCKNOW AMAUSI, IN","2020-10-04",,"85","95",
"IN023351400","LUCKNOW AMAUSI, IN","2020-10-05",,"84","99",
"IN023351400","LUCKNOW AMAUSI, IN","2020-10-06",,"83","97","73"
"IN023351400","LUCKNOW AMAUSI, IN","2020-10-07",,"84","99","72"
"IN023351400","LUCKNOW AMAUSI, IN","2020-10-08",,"83","97","72"
"IN023351400","LUCKNOW AMAUSI, IN","2020-10-09",,"82","96","72"
"IN023351400","LUCKNOW AMAUSI, IN","2020-10-10",,"83","96","69"
"IN023351400","LUCKNOW AMAUSI, IN","2020-10-11",,"83","96","73"
"IN023351400","LUCKNOW AMAUSI, IN","2020-10-12",,"83",,"73"
"IN023351400","LUCKNOW AMAUSI, IN","2020-10-13",,"84","99","75"
"IN023351400","LUCKNOW AMAUSI, IN","2020-10-14",,"85","97","77"
"IN023351400","LUCKNOW AMAUSI, IN","2020-10-15",,"86",,
"IN023351400","LUCKNOW AMAUSI, IN","2020-10-16",,"84","98",
"IN023351400","LUCKNOW AMAUSI, IN","2020-10-17",,"83","98",
"IN023351400","LUCKNOW AMAUSI, IN","2020-10-18",,"81","97",
"IN023351400","LUCKNOW AMAUSI, IN","2020-10-19",,"81","94","70"
"IN023351400","LUCKNOW AMAUSI, IN","2020-10-20",,"79","94","66"
"IN023351400","LUCKNOW AMAUSI, IN","2020-10-21",,"78","93",
"IN023351400","LUCKNOW AMAUSI, IN","2020-10-22",,"79","94","68"
"IN023351400","LUCKNOW AMAUSI, IN","2020-10-23",,"78","93",
"IN023351400","LUCKNOW AMAUSI, IN","2020-10-24",,"76","92","63"
"IN023351400","LUCKNOW AMAUSI, IN","2020-10-25",,"77","93",
"IN023351400","LUCKNOW AMAUSI, IN","2020-10-26",,"76","93","61"
"IN023351400","LUCKNOW AMAUSI, IN","2020-10-27",,"75","91","62"
"IN023351400","LUCKNOW AMAUSI, IN","2020-10-28",,"73","90","60"
"IN023351400","LUCKNOW AMAUSI, IN","2020-10-29",,"74",,"58"
"IN023351400","LUCKNOW AMAUSI, IN","2020-10-30",,"75","92","60"
"IN023351400","LUCKNOW AMAUSI, IN","2020-10-31",,"76","91","62"
"IN023351400","LUCKNOW AMAUSI, IN","2020-11-01",,"74","91",
"IN023351400","LUCKNOW AMAUSI, IN","2020-11-02",,"70","88",
"IN023351400","LUCKNOW AMAUSI, IN","2020-11-03",,"69",,"55"
"IN023351400","LUCKNOW AMAUSI, IN","2020-11-04",,"70","86","54"
"IN023351400","LUCKNOW AMAUSI, IN","2020-11-05",,"68","88","56"
"IN023351400","LUCKNOW AMAUSI, IN","2020-11-06",,"68",,"56"
"IN023351400","LUCKNOW AMAUSI, IN","2020-11-07",,"68","86","55"
"IN023351400","LUCKNOW AMAUSI, IN","2020-11-08",,"69",,"55"
"IN023351400","LUCKNOW AMAUSI, IN","2020-11-09",,"69","86",
"IN023351400","LUCKNOW AMAUSI, IN","2020-11-10",,"69","86",
"IN023351400","LUCKNOW AMAUSI, IN","2020-11-11",,"71","86","59"
"IN023351400","LUCKNOW AMAUSI, IN","2020-11-12",,"73","87","61"
"IN023351400","LUCKNOW AMAUSI, IN","2020-11-13",,"73","87",
"IN023351400","LUCKNOW AMAUSI, IN","2020-11-14",,"71","85","60"
"IN023351400","LUCKNOW AMAUSI, IN","2020-11-15",,"73",,"60"
"IN023351400","LUCKNOW AMAUSI, IN","2020-11-16","1.02","67","88","60"
"IN023351400","LUCKNOW AMAUSI, IN","2020-11-17","0.01","70",,"61"
"IN023351400","LUCKNOW AMAUSI, IN","2020-11-18","0.00","70","82","62"
"IN023351400","LUCKNOW AMAUSI, IN","2020-11-19",,"70","81","62"
"IN023351400","LUCKNOW AMAUSI, IN","2020-11-20",,"66","78",
"IN023351400","LUCKNOW AMAUSI, IN","2020-11-21",,"63","80",
"IN023351400","LUCKNOW AMAUSI, IN","2020-11-22",,"60","77","49"
"IN023351400","LUCKNOW AMAUSI, IN","2020-11-23",,"61",,"47"
"IN023351400","LUCKNOW AMAUSI, IN","2020-11-24",,"62","78","48"
"IN023351400","LUCKNOW AMAUSI, IN","2020-11-25",,"66","79","51"
"IN023351400","LUCKNOW AMAUSI, IN","2020-11-26",,"65","80","55"
"IN023351400","LUCKNOW AMAUSI, IN","2020-11-27",,"67",,"54"
"IN023351400","LUCKNOW AMAUSI, IN","2020-11-28",,"65","82","54"
"IN023351400","LUCKNOW AMAUSI, IN","2020-11-29",,"64","81","51"
"IN023351400","LUCKNOW AMAUSI, IN","2020-11-30",,"64","81","49"
"IN023351400","LUCKNOW AMAUSI, IN","2020-12-01",,"63","80","51"
"IN023351400","LUCKNOW AMAUSI, IN","2020-12-02",,"63","78","52"
"IN023351400","LUCKNOW AMAUSI, IN","2020-12-03",,"64","77","53"
"IN023351400","LUCKNOW AMAUSI, IN","2020-12-04",,"64","78","52"
"IN023351400","LUCKNOW AMAUSI, IN","2020-12-05",,"65",,"52"
"IN023351400","LUCKNOW AMAUSI, IN","2020-12-06",,"67","81","55"
"IN023351400","LUCKNOW AMAUSI, IN","2020-12-07",,"66","82","55"
"IN023351400","LUCKNOW AMAUSI, IN","2020-12-08",,"65",,"54"
"IN023351400","LUCKNOW AMAUSI, IN","2020-12-09",,"65","81","53"
"IN023351400","LUCKNOW AMAUSI, IN","2020-12-10",,"64","81","57"
"IN023351400","LUCKNOW AMAUSI, IN","2020-12-11",,"62","78","57"
"IN023351400","LUCKNOW AMAUSI, IN","2020-12-12",,"65",,
"IN023351400","LUCKNOW AMAUSI, IN","2020-12-13",,"65",,
"IN023351400","LUCKNOW AMAUSI, IN","2020-12-14",,"60","77","52"
"IN023351400","LUCKNOW AMAUSI, IN","2020-12-15",,"62",,"52"
"IN023351400","LUCKNOW AMAUSI, IN","2020-12-16",,"60",,
"IN023351400","LUCKNOW AMAUSI, IN","2020-12-17",,"55","73",
"IN023351400","LUCKNOW AMAUSI, IN","2020-12-18",,"52","69",
"IN023351400","LUCKNOW AMAUSI, IN","2020-12-19",,"52","67","40"
"IN023351400","LUCKNOW AMAUSI, IN","2020-12-20",,"51","68","39"
"IN023351400","LUCKNOW AMAUSI, IN","2020-12-21",,"53",,
"IN023351400","LUCKNOW AMAUSI, IN","2020-12-22",,"58",,"45"
"IN023351400","LUCKNOW AMAUSI, IN","2020-12-23",,"59",,
"IN023351400","LUCKNOW AMAUSI, IN","2020-12-24",,"59","76","45"
"IN023351400","LUCKNOW AMAUSI, IN","2020-12-25",,"59","74","45"
"IN023351400","LUCKNOW AMAUSI, IN","2020-12-26",,"55","74",
"IN023351400","LUCKNOW AMAUSI, IN","2020-12-27",,"58","74","43"
"IN023351400","LUCKNOW AMAUSI, IN","2020-12-28",,"59","73","50"
"IN023351400","LUCKNOW AMAUSI, IN","2020-12-29",,"57","72","47"
"IN023351400","LUCKNOW AMAUSI, IN","2020-12-30",,"56",,
"IN023351400","LUCKNOW AMAUSI, IN","2020-12-31",,"50","72","39"
"IN023351400","LUCKNOW AMAUSI, IN","2021-01-01",,"51",,"33"
"IN023351400","LUCKNOW AMAUSI, IN","2021-01-02",,"60",,"44"
"IN023351400","LUCKNOW AMAUSI, IN","2021-01-03",,"66",,"53"
"IN023351400","LUCKNOW AMAUSI, IN","2021-01-04",,"64","77","58"
"IN023351400","LUCKNOW AMAUSI, IN","2021-01-05",,"67",,
"IN023351400","LUCKNOW AMAUSI, IN","2021-01-06",,"69",,"55"
"IN023351400","LUCKNOW AMAUSI, IN","2021-01-07",,"66","84",
"IN023351400","LUCKNOW AMAUSI, IN","2021-01-08",,"60","79","53"
"IN023351400","LUCKNOW AMAUSI, IN","2021-01-09",,"64",,"54"
"IN023351400","LUCKNOW AMAUSI, IN","2021-01-10",,"64",,
"IN023351400","LUCKNOW AMAUSI, IN","2021-01-11",,"55","78",
"IN023351400","LUCKNOW AMAUSI, IN","2021-01-12",,"52","70",
"IN023351400","LUCKNOW AMAUSI, IN","2021-01-13",,"50","65","41"
"IN023351400","LUCKNOW AMAUSI, IN","2021-01-14",,"53",,"42"
"IN023351400","LUCKNOW AMAUSI, IN","2021-01-15",,"54",,"44"
"IN023351400","LUCKNOW AMAUSI, IN","2021-01-16",,"54","70","45"
"IN023351400","LUCKNOW AMAUSI, IN","2021-01-17",,"55","68",
"IN023351400","LUCKNOW AMAUSI, IN","2021-01-18",,"58",,
"IN023351400","LUCKNOW AMAUSI, IN","2021-01-19",,"61",,"51"
"IN023351400","LUCKNOW AMAUSI, IN","2021-01-20",,"59","74",
"IN023351400","LUCKNOW AMAUSI, IN","2021-01-21",,"57","73",
"IN023351400","LUCKNOW AMAUSI, IN","2021-01-22",,"53","73","43"
"IN023351400","LUCKNOW AMAUSI, IN","2021-01-23",,"54","60","48"
"IN023351400","LUCKNOW AMAUSI, IN","2021-01-24",,"57",,"50"
"IN023351400","LUCKNOW AMAUSI, IN","2021-01-25",,"53","69",
"IN023351400","LUCKNOW AMAUSI, IN","2021-01-26",,"52",,
"IN023351400","LUCKNOW AMAUSI, IN","2021-01-27",,"51","64",
"IN023351400","LUCKNOW AMAUSI, IN","2021-01-28",,"52","61","42"
"IN023351400","LUCKNOW AMAUSI, IN","2021-01-29",,"53",,
"IN023351400","LUCKNOW AMAUSI, IN","2021-01-30",,"53",,
"IN023351400","LUCKNOW AMAUSI, IN","2021-01-31",,"55",,"42"
"IN023351400","LUCKNOW AMAUSI, IN","2021-02-01",,"58",,"46"
"IN023351400","LUCKNOW AMAUSI, IN","2021-02-02",,"62",,"45"
"IN023351400","LUCKNOW AMAUSI, IN","2021-02-03",,"66",,"49"
"IN023351400","LUCKNOW AMAUSI, IN","2021-02-04",,"69","83","55"
"IN023351400","LUCKNOW AMAUSI, IN","2021-02-05","0.24","62","84",
"IN023351400","LUCKNOW AMAUSI, IN","2021-02-06","0.00","62",,"52"
"IN023351400","LUCKNOW AMAUSI, IN","2021-02-07",,"60","75","49"
"IN023351400","LUCKNOW AMAUSI, IN","2021-02-08",,"62",,"47"
"IN023351400","LUCKNOW AMAUSI, IN","2021-02-09",,"63",,"51"
"IN023351400","LUCKNOW AMAUSI, IN","2021-02-10",,"66",,"52"
"IN023351400","LUCKNOW AMAUSI, IN","2021-02-13",,"66",,
"IN023351400","LUCKNOW AMAUSI, IN","2021-02-14",,"66","82",
"IN023351400","LUCKNOW AMAUSI, IN","2021-02-15",,"67","83","51"
"IN023351400","LUCKNOW AMAUSI, IN","2021-02-16",,"66","84","55"
"IN023351400","LUCKNOW AMAUSI, IN","2021-02-17",,"67",,"53"
"IN023351400","LUCKNOW AMAUSI, IN","2021-02-18",,"68",,"56"
"IN023351400","LUCKNOW AMAUSI, IN","2021-02-19",,"70","86","53"
"IN023351400","LUCKNOW AMAUSI, IN","2021-02-21",,"64",,
"IN023351400","LUCKNOW AMAUSI, IN","2021-02-22",,"69",,
"IN023351400","LUCKNOW AMAUSI, IN","2021-02-23",,"71",,"58"
"IN023351400","LUCKNOW AMAUSI, IN","2021-02-24",,"74",,"58"
"IN023351400","LUCKNOW AMAUSI, IN","2021-02-25",,"75",,
"IN023351400","LUCKNOW AMAUSI, IN","2021-02-26",,"75","92",
"IN023351400","LUCKNOW AMAUSI, IN","2021-02-27",,"77",,
"IN023351400","LUCKNOW AMAUSI, IN","2021-02-28",,"77","92",
"IN023351400","LUCKNOW AMAUSI, IN","2021-03-01",,"74","93",
"IN023351400","LUCKNOW AMAUSI, IN","2021-03-02",,"69","89","57"
"IN023351400","LUCKNOW AMAUSI, IN","2021-03-03",,"71",,"57"
"IN023351400","LUCKNOW AMAUSI, IN","2021-03-04",,"73",,"57"
"IN023351400","LUCKNOW AMAUSI, IN","2021-03-05",,"74","91",
"IN023351400","LUCKNOW AMAUSI, IN","2021-03-06",,"72","90","60"
"IN023351400","LUCKNOW AMAUSI, IN","2021-03-07",,"77",,
"IN023351400","LUCKNOW AMAUSI, IN","2021-03-08",,"78","92","65"
"IN023351400","LUCKNOW AMAUSI, IN","2021-03-09",,"78",,
"IN023351400","LUCKNOW AMAUSI, IN","2021-03-10",,"81",,"66"
"IN023351400","LUCKNOW AMAUSI, IN","2021-03-11",,"79","95",
"IN023351400","LUCKNOW AMAUSI, IN","2021-03-12",,"75","95",
"IN023351400","LUCKNOW AMAUSI, IN","2021-03-13","0.00","74","91","64"
"IN023351400","LUCKNOW AMAUSI, IN","2021-03-14",,"75",,"64"
"IN023351400","LUCKNOW AMAUSI, IN","2021-03-15",,"77",,
"IN023351400","LUCKNOW AMAUSI, IN","2021-03-16",,"78",,"66"
"IN023351400","LUCKNOW AMAUSI, IN","2021-03-17",,"78","93","64"
"IN023351400","LUCKNOW AMAUSI, IN","2021-03-18",,"80",,"66"
"IN023351400","LUCKNOW AMAUSI, IN","2021-03-19",,"79","95",
"IN023351400","LUCKNOW AMAUSI, IN","2021-03-20",,"80",,
"IN023351400","LUCKNOW AMAUSI, IN","2021-03-21",,"80",,"64"
"IN023351400","LUCKNOW AMAUSI, IN","2021-03-22",,"84",,"65"
"IN023351400","LUCKNOW AMAUSI, IN","2021-03-23",,"82","100",
"IN023351400","LUCKNOW AMAUSI, IN","2021-03-24","0.02","81","96",
"IN023351400","LUCKNOW AMAUSI, IN","2021-03-25","0.00","78","94",
"IN023351400","LUCKNOW AMAUSI, IN","2021-03-26",,"76","92","62"
"IN023351400","LUCKNOW AMAUSI, IN","2021-03-27",,"79",,"62"
"IN023351400","LUCKNOW AMAUSI, IN","2021-03-28",,"82",,"64"
"IN023351400","LUCKNOW AMAUSI, IN","2021-03-29",,"85",,"69"
"IN023351400","LUCKNOW AMAUSI, IN","2021-03-30",,"87",,
"IN023351400","LUCKNOW AMAUSI, IN","2021-03-31",,"84","105",
"IN023351400","LUCKNOW AMAUSI, IN","2021-04-01",,"80","100","61"
"IN023351400","LUCKNOW AMAUSI, IN","2021-04-02",,"83",,"62"
"IN023351400","LUCKNOW AMAUSI, IN","2021-04-03",,"82",,"64"
"IN023351400","LUCKNOW AMAUSI, IN","2021-04-04",,"83","99","62"
"IN023351400","LUCKNOW AMAUSI, IN","2021-04-05",,"86",,"64"
"IN023351400","LUCKNOW AMAUSI, IN","2021-04-06",,"88",,"71"
"IN023351400","LUCKNOW AMAUSI, IN","2021-04-07",,"87","105",
"IN023351400","LUCKNOW AMAUSI, IN","2021-04-08",,"88","103","73"
"IN023351400","LUCKNOW AMAUSI, IN","2021-04-09",,"85","102","72"
"IN023351400","LUCKNOW AMAUSI, IN","2021-04-10",,"84",,
"IN023351400","LUCKNOW AMAUSI, IN","2021-04-11",,"86",,"67"
"IN023351400","LUCKNOW AMAUSI, IN","2021-04-12",,"87","103","71"
"IN023351400","LUCKNOW AMAUSI, IN","2021-04-13",,"89",,
"IN023351400","LUCKNOW AMAUSI, IN","2021-04-14",,"90",,"73"
"IN023351400","LUCKNOW AMAUSI, IN","2021-04-15",,"89","107",
"IN023351400","LUCKNOW AMAUSI, IN","2021-04-16",,"90",,"73"
"IN023351400","LUCKNOW AMAUSI, IN","2021-04-17","0.00","86","106",
"IN023351400","LUCKNOW AMAUSI, IN","2021-04-18","0.00","87","101",
"IN023351400","LUCKNOW AMAUSI, IN","2021-04-19","0.00","87",,"71"
"IN023351400","LUCKNOW AMAUSI, IN","2021-04-20",,"90",,"71"
"IN023351400","LUCKNOW AMAUSI, IN","2021-04-21","0.00","82","105",
"IN023351400","LUCKNOW AMAUSI, IN","2021-04-22","1.02","79","96","62"
"IN023351400","LUCKNOW AMAUSI, IN","2021-04-23","0.00","86",,"67"
"IN023351400","LUCKNOW AMAUSI, IN","2021-04-24",,"85","100",
"IN023351400","LUCKNOW AMAUSI, IN","2021-04-25",,"82","100",
"IN023351400","LUCKNOW AMAUSI, IN","2021-04-26",,"85",,"69"
"IN023351400","LUCKNOW AMAUSI, IN","2021-04-27",,"89",,"69"
"IN023351400","LUCKNOW AMAUSI, IN","2021-04-28",,"92",,"74"
"IN023351400","LUCKNOW AMAUSI, IN","2021-04-29",,"88","107","77"
"IN023351400","LUCKNOW AMAUSI, IN","2021-04-30",,"88","100","76"
"IN023351400","LUCKNOW AMAUSI, IN","2021-05-01",,"91",,"77"
"IN023351400","LUCKNOW AMAUSI, IN","2021-05-02",,"87","103","80"
"IN023351400","LUCKNOW AMAUSI, IN","2021-05-03","0.04","82","96",
"IN023351400","LUCKNOW AMAUSI, IN","2021-05-04","0.00","89",,"72"
"IN023351400","LUCKNOW AMAUSI, IN","2021-05-05","0.00","85","102","75"
"IN023351400","LUCKNOW AMAUSI, IN","2021-05-06",,"87","96","76"
"IN023351400","LUCKNOW AMAUSI, IN","2021-05-07",,"83","98",
"IN023351400","LUCKNOW AMAUSI, IN","2021-05-08","0.00","88",,
"IN023351400","LUCKNOW AMAUSI, IN","2021-05-09",,"89",,
"IN023351400","LUCKNOW AMAUSI, IN","2021-05-10",,"86","102","74"
"IN023351400","LUCKNOW AMAUSI, IN","2021-05-11",,"89",,"78"
"IN023351400","LUCKNOW AMAUSI, IN","2021-05-12",,"82","100",
"IN023351400","LUCKNOW AMAUSI, IN","2021-05-13",,"76","99","69"
"IN023351400","LUCKNOW AMAUSI, IN","2021-05-14",,"85",,"71"
"IN023351400","LUCKNOW AMAUSI, IN","2021-05-15","0.00","88",,"76"
"IN023351400","LUCKNOW AMAUSI, IN","2021-05-16",,"93",,"78"
"IN023351400","LUCKNOW AMAUSI, IN","2021-05-17",,"87","104",
"IN023351400","LUCKNOW AMAUSI, IN","2021-05-18","0.00","81","92","78"
"IN023351400","LUCKNOW AMAUSI, IN","2021-05-19","0.51","76","87","73"
"IN023351400","LUCKNOW AMAUSI, IN","2021-05-20","0.39","79",,
"IN023351400","LUCKNOW AMAUSI, IN","2021-05-21","0.35","82",,
"IN023351400","LUCKNOW AMAUSI, IN","2021-05-22","0.00","87",,
"IN023351400","LUCKNOW AMAUSI, IN","2021-05-23",,"90",,"77"
"IN023351400","LUCKNOW AMAUSI, IN","2021-05-24",,"87","99",
"IN023351400","LUCKNOW AMAUSI, IN","2021-05-25",,"89",,"75"
"IN023351400","LUCKNOW AMAUSI, IN","2021-05-26",,"89","101",
"IN023351400","LUCKNOW AMAUSI, IN","2021-05-27",,"83","99",
"IN023351400","LUCKNOW AMAUSI, IN","2021-05-28","0.55","77","94",
"IN023351400","LUCKNOW AMAUSI, IN","2021-05-29","0.04","77",,"72"
"IN023351400","LUCKNOW AMAUSI, IN","2021-05-30","0.00","85",,
"IN023351400","LUCKNOW AMAUSI, IN","2021-05-31",,"90",,
"IN023351400","LUCKNOW AMAUSI, IN","2021-06-01",,"84","100",
"IN023351400","LUCKNOW AMAUSI, IN","2021-06-02",,"88","99",
"IN023351400","LUCKNOW AMAUSI, IN","2021-06-03",,"86",,
"IN023351400","LUCKNOW AMAUSI, IN","2021-06-04",,"88",,"77"
"IN023351400","LUCKNOW AMAUSI, IN","2021-06-05",,"90","103","80"
"IN023351400","LUCKNOW AMAUSI, IN","2021-06-06",,"93",,"82"
"IN023351400","LUCKNOW AMAUSI, IN","2021-06-07",,"94","104","83"
"IN023351400","LUCKNOW AMAUSI, IN","2021-06-08","0.00","92","105","82"
"IN023351400","LUCKNOW AMAUSI, IN","2021-06-09","0.12","87","103",
"IN023351400","LUCKNOW AMAUSI, IN","2021-06-10","0.31","79","96",
"IN023351400","LUCKNOW AMAUSI, IN","2021-06-11","1.38","87",,"78"
"IN023351400","LUCKNOW AMAUSI, IN","2021-06-12","0.00","85","96","79"
"IN023351400","LUCKNOW AMAUSI, IN","2021-06-13",,"80",,
"IN023351400","LUCKNOW AMAUSI, IN","2021-06-14","0.83","78","86","76"
"IN023351400","LUCKNOW AMAUSI, IN","2021-06-15","0.35","83",,"78"
"IN023351400","LUCKNOW AMAUSI, IN","2021-06-16","0.00","86",,
"IN023351400","LUCKNOW AMAUSI, IN","2021-06-17","0.02","82","96",
"IN023351400","LUCKNOW AMAUSI, IN","2021-06-18","0.28","79","91",
"IN023351400","LUCKNOW AMAUSI, IN","2021-06-19","1.57","80","83","77"
"IN023351400","LUCKNOW AMAUSI, IN","2021-06-20","0.01","82",,"77"
"IN023351400","LUCKNOW AMAUSI, IN","2021-06-21","0.00","86",,"78"
"IN023351400","LUCKNOW AMAUSI, IN","2021-06-22",,"89",,"81"
"IN023351400","LUCKNOW AMAUSI, IN","2021-06-23",,"86","98",
"IN023351400","LUCKNOW AMAUSI, IN","2021-06-24",,"82","96",
"IN023351400","LUCKNOW AMAUSI, IN","2021-06-25",,"84","92","79"
"IN023351400","LUCKNOW AMAUSI, IN","2021-06-26",,"85",,
"IN023351400","LUCKNOW AMAUSI, IN","2021-06-27",,"87","98","80"
"IN023351400","LUCKNOW AMAUSI, IN","2021-06-28","0.00","88","95",
"IN023351400","LUCKNOW AMAUSI, IN","2021-06-29","0.20","92",,"84"
"IN023351400","LUCKNOW AMAUSI, IN","2021-06-30","0.00","93",,"85"
"IN023351400","LUCKNOW AMAUSI, IN","2021-07-01",,"93","103",
"IN023351400","LUCKNOW AMAUSI, IN","2021-07-02",,"90","104",
"IN023351400","LUCKNOW AMAUSI, IN","2021-07-03","0.00","88","101",
"IN023351400","LUCKNOW AMAUSI, IN","2021-07-04","0.00","88",,
"IN023351400","LUCKNOW AMAUSI, IN","2021-07-05","0.00","89",,"81"
"IN023351400","LUCKNOW AMAUSI, IN","2021-07-06",,"90","102",
"IN023351400","LUCKNOW AMAUSI, IN","2021-07-07",,"92","102",
"IN023351400","LUCKNOW AMAUSI, IN","2021-07-08",,"86","102",
"IN023351400","LUCKNOW AMAUSI, IN","2021-07-09",,"86",,"79"
"IN023351400","LUCKNOW AMAUSI, IN","2021-07-10","0.00","88","97","82"
"IN023351400","LUCKNOW AMAUSI, IN","2021-07-11",,"86","99",
"IN023351400","LUCKNOW AMAUSI, IN","2021-07-12","0.00","87",,"81"
"IN023351400","LUCKNOW AMAUSI, IN","2021-07-13","0.43","90",,"81"
"IN023351400","LUCKNOW AMAUSI, IN","2021-07-14","0.00","90","100",
"IN023351400","LUCKNOW AMAUSI, IN","2021-07-15",,"90",,"84"
"IN023351400","LUCKNOW AMAUSI, IN","2021-07-16",,"90",,
"IN023351400","LUCKNOW AMAUSI, IN","2021-07-17",,"84","101",
"IN023351400","LUCKNOW AMAUSI, IN","2021-07-18",,"82","89",
"IN023351400","LUCKNOW AMAUSI, IN","2021-07-19","0.08","82",,
"IN023351400","LUCKNOW AMAUSI, IN","2021-07-20","0.63","82",,
"IN023351400","LUCKNOW AMAUSI, IN","2021-07-21","0.28","83","92",
"IN023351400","LUCKNOW AMAUSI, IN","2021-07-22","0.55","84",,
"IN023351400","LUCKNOW AMAUSI, IN","2021-07-23","0.12","88",,
"IN023351400","LUCKNOW AMAUSI, IN","2021-07-24","0.59","89","97","80"
"IN023351400","LUCKNOW AMAUSI, IN","2021-07-25","0.00","89",,"84"
"IN023351400","LUCKNOW AMAUSI, IN","2021-07-26",,"88","98",
"IN023351400","LUCKNOW AMAUSI, IN","2021-07-27","0.16","82","96",
"IN023351400","LUCKNOW AMAUSI, IN","2021-07-28","4.57","81","92","77"
"IN023351400","LUCKNOW AMAUSI, IN","2021-07-29","0.01","84",,
"IN023351400","LUCKNOW AMAUSI, IN","2021-07-30","0.00","84","91",
"IN023351400","LUCKNOW AMAUSI, IN","2021-07-31","0.00","83",,
"IN023351400","LUCKNOW AMAUSI, IN","2021-08-01","1.38","82","93","78"
"IN023351400","LUCKNOW AMAUSI, IN","2021-08-02","0.12","83",,
"IN023351400","LUCKNOW AMAUSI, IN","2021-08-03","0.00","84","90",
"IN023351400","LUCKNOW AMAUSI, IN","2021-08-04","0.00","84","91",
"IN023351400","LUCKNOW AMAUSI, IN","2021-08-05","0.02","87",,
"IN023351400","LUCKNOW AMAUSI, IN","2021-08-06","0.00","85","96",
"IN023351400","LUCKNOW AMAUSI, IN","2021-08-07","0.03","87","94",
"IN023351400","LUCKNOW AMAUSI, IN","2021-08-08","0.00","85",,
"IN023351400","LUCKNOW AMAUSI, IN","2021-08-09","0.12","82","94",
"IN023351400","LUCKNOW AMAUSI, IN","2021-08-10","0.83","82",,
"IN023351400","LUCKNOW AMAUSI, IN","2021-08-11","1.46","84",,"76"
"IN023351400","LUCKNOW AMAUSI, IN","2021-08-12","0.04","84",,
"IN023351400","LUCKNOW AMAUSI, IN","2021-08-13","0.01","86",,"79"
"IN023351400","LUCKNOW AMAUSI, IN","2021-08-14","0.00","87","94",
"IN023351400","LUCKNOW AMAUSI, IN","2021-08-15",,"87",,
"IN023351400","LUCKNOW AMAUSI, IN","2021-08-16",,"88","98",
"IN023351400","LUCKNOW AMAUSI, IN","2021-08-17",,"87","98",
"IN023351400","LUCKNOW AMAUSI, IN","2021-08-18",,"86","96",
"IN023351400","LUCKNOW AMAUSI, IN","2021-08-19",,"84","97",
"IN023351400","LUCKNOW AMAUSI, IN","2021-08-20",,"82","92",
"IN023351400","LUCKNOW AMAUSI, IN","2021-08-21",,"83","91","77"
"IN023351400","LUCKNOW AMAUSI, IN","2021-08-22","0.00","87",,"80"
"IN023351400","LUCKNOW AMAUSI, IN","2021-08-23","0.02","84","96",
"IN023351400","LUCKNOW AMAUSI, IN","2021-08-24","0.20","83","94","78"
"IN023351400","LUCKNOW AMAUSI, IN","2021-08-25","0.12","86",,"78"
"IN023351400","LUCKNOW AMAUSI, IN","2021-08-26","0.00","86","94",
"IN023351400","LUCKNOW AMAUSI, IN","2021-08-27",,"85","92",
"IN023351400","LUCKNOW AMAUSI, IN","2021-08-28",,"83",,
"IN023351400","LUCKNOW AMAUSI, IN","2021-08-29",,"81","93",
"IN023351400","LUCKNOW AMAUSI, IN","2021-08-30",,"81",,
"IN023351400","LUCKNOW AMAUSI, IN","2021-08-31",,"85",,"76"
"IN023351400","LUCKNOW AMAUSI, IN","2021-09-01",,"87",,"80"
"IN023351400","LUCKNOW AMAUSI, IN","2021-09-02",,"89",,
"IN023351400","LUCKNOW AMAUSI, IN","2021-09-03",,"82","98",
"IN023351400","LUCKNOW AMAUSI, IN","2021-09-04","1.50","83","94",
"IN023351400","LUCKNOW AMAUSI, IN","2021-09-05","0.00","87",,
"IN023351400","LUCKNOW AMAUSI, IN","2021-09-06","0.00","86","96","82"
"IN023351400","LUCKNOW AMAUSI, IN","2021-09-07","0.02","85","94",
"IN023351400","LUCKNOW AMAUSI, IN","2021-09-08","0.12","84","94","80"
"IN023351400","LUCKNOW AMAUSI, IN","2021-09-09","0.02","84",,
"IN023351400","LUCKNOW AMAUSI, IN","2021-09-10","0.08","84","94","78"
"IN023351400","LUCKNOW AMAUSI, IN","2021-09-11","0.43","84","93",
"IN023351400","LUCKNOW AMAUSI, IN","2021-09-12","0.28","87",,
"IN023351400","LUCKNOW AMAUSI, IN","2021-09-13","0.00","87",,"82"
"IN023351400","LUCKNOW AMAUSI, IN","2021-09-14",,"86","97",
"IN023351400","LUCKNOW AMAUSI, IN","2021-09-15",,"79","94",
"IN023351400","LUCKNOW AMAUSI, IN","2021-09-16","4.21","76","85","75"
"IN023351400","LUCKNOW AMAUSI, IN","2021-09-17","5.04","80",,
"IN023351400","LUCKNOW AMAUSI, IN","2021-09-18","0.01","85",,"78"
"IN023351400","LUCKNOW AMAUSI, IN","2021-09-19","0.00","87",,
"IN023351400","LUCKNOW AMAUSI, IN","2021-09-20",,"88",,
"IN023351400","LUCKNOW AMAUSI, IN","2021-09-21",,"85","96","80"
"IN023351400","LUCKNOW AMAUSI, IN","2021-09-22",,"83","95",
"IN023351400","LUCKNOW AMAUSI, IN","2021-09-23",,"83","95",
"IN023351400","LUCKNOW AMAUSI, IN","2021-09-24","0.35","80","92",
"IN023351400","LUCKNOW AMAUSI, IN","2021-09-25","0.67","79",,
"IN023351400","LUCKNOW AMAUSI, IN","2021-09-26","0.00","85",,"77"
"IN023351400","LUCKNOW AMAUSI, IN","2021-09-27",,"85",,
"IN023351400","LUCKNOW AMAUSI, IN","2021-09-28",,"85","97",
"IN023351400","LUCKNOW AMAUSI, IN","2021-09-29",,"84","95",
"IN023351400","LUCKNOW AMAUSI, IN","2021-09-30",,"85","93",
"IN023351400","LUCKNOW AMAUSI, IN","2021-10-01",,"80","94",
"IN023351400","LUCKNOW AMAUSI, IN","2021-10-02",,"80",,
"IN023351400","LUCKNOW AMAUSI, IN","2021-10-03",,"82",,
"IN023351400","LUCKNOW AMAUSI, IN","2021-10-04",,"84",,"75"
"IN023351400","LUCKNOW AMAUSI, IN","2021-10-05",,"85",,
"IN023351400","LUCKNOW AMAUSI, IN","2021-10-06",,"84","94",
"IN023351400","LUCKNOW AMAUSI, IN","2021-10-07",,"84",,
"IN023351400","LUCKNOW AMAUSI, IN","2021-10-08",,"83","94",
"IN023351400","LUCKNOW AMAUSI, IN","2021-10-09",,"84",,
"IN023351400","LUCKNOW AMAUSI, IN","2021-10-10",,"84",,
"IN023351400","LUCKNOW AMAUSI, IN","2021-10-11",,"84","96",
"IN023351400","LUCKNOW AMAUSI, IN","2021-10-12",,"84",,
"IN023351400","LUCKNOW AMAUSI, IN","2021-10-13",,"85",,
"IN023351400","LUCKNOW AMAUSI, IN","2021-10-14",,"81","95",
"IN023351400","LUCKNOW AMAUSI, IN","2021-10-15",,"82",,"70"
"IN023351400","LUCKNOW AMAUSI, IN","2021-10-16",,"85","96",
"IN023351400","LUCKNOW AMAUSI, IN","2021-10-17",,"82","96",
"IN023351400","LUCKNOW AMAUSI, IN","2021-10-18",,"81","95","76"
"IN023351400","LUCKNOW AMAUSI, IN","2021-10-19","0.35","77","90",
"IN023351400","LUCKNOW AMAUSI, IN","2021-10-20","0.67","78",,
"IN023351400","LUCKNOW AMAUSI, IN","2021-10-21","0.00","77",,
"IN023351400","LUCKNOW AMAUSI, IN","2021-10-22",,"77","89","67"
"IN023351400","LUCKNOW AMAUSI, IN","2021-10-23",,"78",,"67"
"IN023351400","LUCKNOW AMAUSI, IN","2021-10-24",,"79","91","69"
"IN023351400","LUCKNOW AMAUSI, IN","2021-10-25",,"78","91","68"
"IN023351400","LUCKNOW AMAUSI, IN","2021-10-26",,"76",,
"IN023351400","LUCKNOW AMAUSI, IN","2021-10-27",,"72","87",
"IN023351400","LUCKNOW AMAUSI, IN","2021-10-28",,"72","85","62"
"IN023351400","LUCKNOW AMAUSI, IN","2021-10-29",,"73",,"60"
"IN023351400","LUCKNOW AMAUSI, IN","2021-10-30",,"72","88","62"
"IN023351400","LUCKNOW AMAUSI, IN","2021-10-31",,"72","87",
"IN023351400","LUCKNOW AMAUSI, IN","2021-11-01",,"72","85","60"
"IN023351400","LUCKNOW AMAUSI, IN","2021-11-02",,"72","85","61"
"IN023351400","LUCKNOW AMAUSI, IN","2021-11-03",,"71","86","61"
"IN023351400","LUCKNOW AMAUSI, IN","2021-11-04",,"72","85","61"
"IN023351400","LUCKNOW AMAUSI, IN","2021-11-05",,"72","85",
"IN023351400","LUCKNOW AMAUSI, IN","2021-11-06",,"70","85","59"
"IN023351400","LUCKNOW AMAUSI, IN","2021-11-07",,"67","83","59"
"IN023351400","LUCKNOW AMAUSI, IN","2021-11-08",,"70",,"58"
"IN023351400","LUCKNOW AMAUSI, IN","2021-11-09",,"70","84","58"
"IN023351400","LUCKNOW AMAUSI, IN","2021-11-10",,"71","85","58"
"IN023351400","LUCKNOW AMAUSI, IN","2021-11-11",,"71","86",
"IN023351400","LUCKNOW AMAUSI, IN","2021-11-12",,"70","88","58"
"IN023351400","LUCKNOW AMAUSI, IN","2021-11-13",,"69","85","58"
"IN023351400","LUCKNOW AMAUSI, IN","2021-11-14",,"69","83","58"
"IN023351400","LUCKNOW AMAUSI, IN","2021-11-15",,"69","83",
"IN023351400","LUCKNOW AMAUSI, IN","2021-11-16",,"67","83","56"
"IN023351400","LUCKNOW AMAUSI, IN","2021-11-17",,"67","82","54"
"IN023351400","LUCKNOW AMAUSI, IN","2021-11-18",,"68","82",
"IN023351400","LUCKNOW AMAUSI, IN","2021-11-19",,"69","78","63"
"IN023351400","LUCKNOW AMAUSI, IN","2021-11-20","0.00","68",,
"IN023351400","LUCKNOW AMAUSI, IN","2021-11-21","0.00","69",,"61"
"IN023351400","LUCKNOW AMAUSI, IN","2021-11-22","0.00","67","84",
"IN023351400","LUCKNOW AMAUSI, IN","2021-11-23",,"65","82","51"
"IN023351400","LUCKNOW AMAUSI, IN","2021-11-24",,"66","82","52"
"IN023351400","LUCKNOW AMAUSI, IN","2021-11-25",,"65","82","53"
"IN023351400","LUCKNOW AMAUSI, IN","2021-11-26",,"65","81","53"
"IN023351400","LUCKNOW AMAUSI, IN","2021-11-27",,"66","81","55"
"IN023351400","LUCKNOW AMAUSI, IN","2021-11-28",,"67",,"54"
"IN023351400","LUCKNOW AMAUSI, IN","2021-11-29",,"66","82","56"
"IN023351400","LUCKNOW AMAUSI, IN","2021-11-30",,"66","81","55"
"IN023351400","LUCKNOW AMAUSI, IN","2021-12-01",,"68","81","57"
"IN023351400","LUCKNOW AMAUSI, IN","2021-12-02",,"70",,
"IN023351400","LUCKNOW AMAUSI, IN","2021-12-03",,"66","78",
"IN023351400","LUCKNOW AMAUSI, IN","2021-12-04",,"68",,"54"
"IN023351400","LUCKNOW AMAUSI, IN","2021-12-05",,"71","83","58"
"IN023351400","LUCKNOW AMAUSI, IN","2021-12-06",,"69","82",
"IN023351400","LUCKNOW AMAUSI, IN","2021-12-07",,"66",,
"IN023351400","LUCKNOW AMAUSI, IN","2021-12-08",,"63","81",
"IN023351400","LUCKNOW AMAUSI, IN","2021-12-09",,"64","81","51"
"IN023351400","LUCKNOW AMAUSI, IN","2021-12-10",,"61","78","49"
"IN023351400","LUCKNOW AMAUSI, IN","2021-12-11",,"61",,
"IN023351400","LUCKNOW AMAUSI, IN","2021-12-12",,"59",,"47"
"IN023351400","LUCKNOW AMAUSI, IN","2021-12-13",,"60","76","48"
"IN023351400","LUCKNOW AMAUSI, IN","2021-12-14",,"60","76","48"
"IN023351400","LUCKNOW AMAUSI, IN","2021-12-15",,"62",,"53"
"IN023351400","LUCKNOW AMAUSI, IN","2021-12-16",,"65","78","53"
"IN023351400","LUCKNOW AMAUSI, IN","2021-12-17",,"62","76",
"IN023351400","LUCKNOW AMAUSI, IN","2021-12-18",,"54","74","45"
"IN023351400","LUCKNOW AMAUSI, IN","2021-12-19",,"54","68","42"
"IN023351400","LUCKNOW AMAUSI, IN","2021-12-20",,"53","68","42"
"IN023351400","LUCKNOW AMAUSI, IN","2021-12-21",,"56",,"42"
"IN023351400","LUCKNOW AMAUSI, IN","2021-12-22",,"58",,"44"
"IN023351400","LUCKNOW AMAUSI, IN","2021-12-23",,"58","76","45"
"IN023351400","LUCKNOW AMAUSI, IN","2021-12-24",,"60",,"48"
"IN023351400","LUCKNOW AMAUSI, IN","2021-12-25",,"61","76","49"
"IN023351400","LUCKNOW AMAUSI, IN","2021-12-26",,"61","77","51"
"IN023351400","LUCKNOW AMAUSI, IN","2021-12-27",,"62","73","53"
"IN023351400","LUCKNOW AMAUSI, IN","2021-12-28",,"62","73","54"
"IN023351400","LUCKNOW AMAUSI, IN","2021-12-29","0.39","57","65",
"IN023351400","LUCKNOW AMAUSI, IN","2021-12-30","0.02","58",,"47"
"IN023351400","LUCKNOW AMAUSI, IN","2021-12-31","0.00","57",,"54"
"IN023351400","LUCKNOW AMAUSI, IN","2022-01-01",,"57","71",
"IN023351400","LUCKNOW AMAUSI, IN","2022-01-02",,"56","71","45"
"IN023351400","LUCKNOW AMAUSI, IN","2022-01-03",,"56",,"45"
"IN023351400","LUCKNOW AMAUSI, IN","2022-01-04",,"59",,
"IN023351400","LUCKNOW AMAUSI, IN","2022-01-05",,"57","75","53"
"IN023351400","LUCKNOW AMAUSI, IN","2022-01-06","0.04","58","65","55"
"IN023351400","LUCKNOW AMAUSI, IN","2022-01-07","0.51","61",,"56"
"IN023351400","LUCKNOW AMAUSI, IN","2022-01-08","0.08","62",,"59"
"IN023351400","LUCKNOW AMAUSI, IN","2022-01-09","0.16","61","68","56"
"IN023351400","LUCKNOW AMAUSI, IN","2022-01-10","0.03","64",,"56"
"IN023351400","LUCKNOW AMAUSI, IN","2022-01-11","0.00","60","72",
"IN023351400","LUCKNOW AMAUSI, IN","2022-01-12",,"59","71",
"IN023351400","LUCKNOW AMAUSI, IN","2022-01-13",,"55","70","45"
"IN023351400","LUCKNOW AMAUSI, IN","2022-01-14",,"55","69","46"
"IN023351400","LUCKNOW AMAUSI, IN","2022-01-15",,"50","68",
"IN023351400","LUCKNOW AMAUSI, IN","2022-01-16",,"49","60","43"
"IN023351400","LUCKNOW AMAUSI, IN","2022-01-17",,"49","60",
"IN023351400","LUCKNOW AMAUSI, IN","2022-01-18",,"48","60","40"
"IN023351400","LUCKNOW AMAUSI, IN","2022-01-19",,"49",,
"IN023351400","LUCKNOW AMAUSI, IN","2022-01-20",,"53",,"42"
"IN023351400","LUCKNOW AMAUSI, IN","2022-01-21",,"57",,"49"
"IN023351400","LUCKNOW AMAUSI, IN","2022-01-22","0.02","54","71","49"
"IN023351400","LUCKNOW AMAUSI, IN","2022-01-23","0.16","58",,"52"
"IN023351400","LUCKNOW AMAUSI, IN","2022-01-24","0.00","58","63",
"IN023351400","LUCKNOW AMAUSI, IN","2022-01-25",,"55",,"48"
"IN023351400","LUCKNOW AMAUSI, IN","2022-01-26",,"50","67",
"IN023351400","LUCKNOW AMAUSI, IN","2022-01-27",,"52",,"42"
"IN023351400","LUCKNOW AMAUSI, IN","2022-01-28",,"55",,"44"
"IN023351400","LUCKNOW AMAUSI, IN","2022-01-29",,"57",,"44"
"IN023351400","LUCKNOW AMAUSI, IN","2022-01-30",,"60",,
"IN023351400","LUCKNOW AMAUSI, IN","2022-01-31",,"56","76",
"IN023351400","LUCKNOW AMAUSI, IN","2022-02-01",,"58",,
"IN023351400","LUCKNOW AMAUSI, IN","2022-02-02",,"57","74","51"
"IN023351400","LUCKNOW AMAUSI, IN","2022-02-03",,"60",,"51"
"IN023351400","LUCKNOW AMAUSI, IN","2022-02-04",,"57","72",
"IN023351400","LUCKNOW AMAUSI, IN","2022-02-05",,"53","65",
"IN023351400","LUCKNOW AMAUSI, IN","2022-02-06",,"54",,
"IN023351400","LUCKNOW AMAUSI, IN","2022-02-07",,"58",,"42"
"IN023351400","LUCKNOW AMAUSI, IN","2022-02-08",,"62",,"50"
"IN023351400","LUCKNOW AMAUSI, IN","2022-02-09",,"60","77","52"
"IN023351400","LUCKNOW AMAUSI, IN","2022-02-10",,"59","74","49"
"IN023351400","LUCKNOW AMAUSI, IN","2022-02-11",,"60",,"50"
"IN023351400","LUCKNOW AMAUSI, IN","2022-02-12",,"60","74",
"IN023351400","LUCKNOW AMAUSI, IN","2022-02-13",,"61","76","46"
"IN023351400","LUCKNOW AMAUSI, IN","2022-02-14",,"62","77","48"
"IN023351400","LUCKNOW AMAUSI, IN","2022-02-15",,"64","78","50"
"IN023351400","LUCKNOW AMAUSI, IN","2022-02-16",,"64",,"51"
"IN023351400","LUCKNOW AMAUSI, IN","2022-02-17",,"65",,"53"
"IN023351400","LUCKNOW AMAUSI, IN","2022-02-18",,"66","81","52"
"IN023351400","LUCKNOW AMAUSI, IN","2022-02-19",,"68",,
"IN023351400","LUCKNOW AMAUSI, IN","2022-02-20",,"64","83",
"IN023351400","LUCKNOW AMAUSI, IN","2022-02-21",,"64",,"52"
"IN023351400","LUCKNOW AMAUSI, IN","2022-02-22",,"67",,"51"
"IN023351400","LUCKNOW AMAUSI, IN","2022-02-23",,"70","83","59"
"IN023351400","LUCKNOW AMAUSI, IN","2022-02-24",,"71",,"61"
"IN023351400","LUCKNOW AMAUSI, IN","2022-02-25","0.00","70","84","59"
"IN023351400","LUCKNOW AMAUSI, IN","2022-02-26",,"70","84","60"
"IN023351400","LUCKNOW AMAUSI, IN","2022-02-27",,"70",,"60"
"IN023351400","LUCKNOW AMAUSI, IN","2022-02-28",,"66","83",
"IN023351400","LUCKNOW AMAUSI, IN","2022-03-01",,"67",,"54"
"IN023351400","LUCKNOW AMAUSI, IN","2022-03-02",,"69",,"53"
"IN023351400","LUCKNOW AMAUSI, IN","2022-03-03",,"71",,
"IN023351400","LUCKNOW AMAUSI, IN","2022-03-04",,"74",,"59"
"IN023351400","LUCKNOW AMAUSI, IN","2022-03-05",,"69","89",
"IN023351400","LUCKNOW AMAUSI, IN","2022-03-06",,"70","89","57"
"IN023351400","LUCKNOW AMAUSI, IN","2022-03-07",,"73",,"58"
"IN023351400","LUCKNOW AMAUSI, IN","2022-03-08",,"72","87","56"
"IN023351400","LUCKNOW AMAUSI, IN","2022-03-09",,"74",,"59"
"IN023351400","LUCKNOW AMAUSI, IN","2022-03-10",,"75","91",
"IN023351400","LUCKNOW AMAUSI, IN","2022-03-11",,"74","88",
"IN023351400","LUCKNOW AMAUSI, IN","2022-03-12",,"73","89","60"
"IN023351400","LUCKNOW AMAUSI, IN","2022-03-13",,"75","89","61"
"IN023351400","LUCKNOW AMAUSI, IN","2022-03-14",,"78",,"63"
"IN023351400","LUCKNOW AMAUSI, IN","2022-03-15",,"80","94","67"
"IN023351400","LUCKNOW AMAUSI, IN","2022-03-16",,"81","94",
"IN023351400","LUCKNOW AMAUSI, IN","2022-03-17",,"82","95","71"
"IN023351400","LUCKNOW AMAUSI, IN","2022-03-18",,"84","96","71"
"IN023351400","LUCKNOW AMAUSI, IN","2022-03-19",,"84","98",
"IN023351400","LUCKNOW AMAUSI, IN","2022-03-20",,"84","99",
"IN023351400","LUCKNOW AMAUSI, IN","2022-03-21",,"85",,"72"
"IN023351400","LUCKNOW AMAUSI, IN","2022-03-22",,"82","102",
"IN023351400","LUCKNOW AMAUSI, IN","2022-03-23",,"81","100","65"
"IN023351400","LUCKNOW AMAUSI, IN","2022-03-24",,"83","98","67"
"IN023351400","LUCKNOW AMAUSI, IN","2022-03-25",,"83","99","70"
"IN023351400","LUCKNOW AMAUSI, IN","2022-03-26",,"82","99",
"IN023351400","LUCKNOW AMAUSI, IN","2022-03-27",,"83",,
"IN023351400","LUCKNOW AMAUSI, IN","2022-03-28",,"84",,"67"
"IN023351400","LUCKNOW AMAUSI, IN","2022-03-29",,"85",,"67"
"IN023351400","LUCKNOW AMAUSI, IN","2022-03-30",,"86",,
"IN023351400","LUCKNOW AMAUSI, IN","2022-03-31",,"87","102","74"
"IN023351400","LUCKNOW AMAUSI, IN","2022-04-01",,"88",,
"IN023351400","LUCKNOW AMAUSI, IN","2022-04-02",,"84","103","67"
"IN023351400","LUCKNOW AMAUSI, IN","2022-04-03",,"86",,"67"
"IN023351400","LUCKNOW AMAUSI, IN","2022-04-04",,"87",,
"IN023351400","LUCKNOW AMAUSI, IN","2022-04-05",,"87","106","70"
"IN023351400","LUCKNOW AMAUSI, IN","2022-04-06",,"87","104","67"
"IN023351400","LUCKNOW AMAUSI, IN","2022-04-07",,"86","106","67"
"IN023351400","LUCKNOW AMAUSI, IN","2022-04-08",,"88",,"69"
"IN023351400","LUCKNOW AMAUSI, IN","2022-04-09",,"89","106","70"
"IN023351400","LUCKNOW AMAUSI, IN","2022-04-10",,"87","106","75"
"IN023351400","LUCKNOW AMAUSI, IN","2022-04-11",,"89",,"75"
"IN023351400","LUCKNOW AMAUSI, IN","2022-04-12",,"88","106","77"
"IN023351400","LUCKNOW AMAUSI, IN","2022-04-13",,"89","104",
"IN023351400","LUCKNOW AMAUSI, IN","2022-04-14",,"89",,"75"
"IN023351400","LUCKNOW AMAUSI, IN","2022-04-15",,"92","106","77"
"IN023351400","LUCKNOW AMAUSI, IN","2022-04-16","0.00","92","106",
"IN023351400","LUCKNOW AMAUSI, IN","2022-04-17",,"90","108","72"
"IN023351400","LUCKNOW AMAUSI, IN","2022-04-18",,"92","110","72"
"IN023351400","LUCKNOW AMAUSI, IN","2022-04-19",,"91","110","76"
"IN023351400","LUCKNOW AMAUSI, IN","2022-04-20",,"93","108","78"
"IN023351400","LUCKNOW AMAUSI, IN","2022-04-21",,"89","108",
"IN023351400","LUCKNOW AMAUSI, IN","2022-04-22",,"89","103","76"
"IN023351400","LUCKNOW AMAUSI, IN","2022-04-23",,"90","106",
"IN023351400","LUCKNOW AMAUSI, IN","2022-04-24",,"90",,
"IN023351400","LUCKNOW AMAUSI, IN","2022-04-25",,"92","108",
"IN023351400","LUCKNOW AMAUSI, IN","2022-04-26",,"91","108","78"
"IN023351400","LUCKNOW AMAUSI, IN","2022-04-27",,"91","109",
"IN023351400","LUCKNOW AMAUSI, IN","2022-04-28",,"92","111","75"
"IN023351400","LUCKNOW AMAUSI, IN","2022-04-29",,"94","113",
"IN023351400","LUCKNOW AMAUSI, IN","2022-04-30",,"91","113","78"
"IN023351400","LUCKNOW AMAUSI, IN","2022-05-01",,"87","113",
"IN023351400","LUCKNOW AMAUSI, IN","2022-05-02",,"88","100","80"
"IN023351400","LUCKNOW AMAUSI, IN","2022-05-03",,"88","100","79"
"IN023351400","LUCKNOW AMAUSI, IN","2022-05-04",,"87","101",
"IN023351400","LUCKNOW AMAUSI, IN","2022-05-05","0.59","84","101","68"
"IN023351400","LUCKNOW AMAUSI, IN","2022-05-06","0.00","88","100","77"
"IN023351400","LUCKNOW AMAUSI, IN","2022-05-07",,"89","100",
"IN023351400","LUCKNOW AMAUSI, IN","2022-05-08",,"88","99",
"IN023351400","LUCKNOW AMAUSI, IN","2022-05-09",,"90","100",
"IN023351400","LUCKNOW AMAUSI, IN","2022-05-10",,"91","102","83"
"IN023351400","LUCKNOW AMAUSI, IN","2022-05-11","0.02","90","102",
"IN023351400","LUCKNOW AMAUSI, IN","2022-05-12","0.00","89","105",
"IN023351400","LUCKNOW AMAUSI, IN","2022-05-13","0.02","94","108","82"
"IN023351400","LUCKNOW AMAUSI, IN","2022-05-14","0.00","95","109",
"IN023351400","LUCKNOW AMAUSI, IN","2022-05-15",,"93","109",
"IN023351400","LUCKNOW AMAUSI, IN","2022-05-16",,"93","107",
"IN023351400","LUCKNOW AMAUSI, IN","2022-05-17",,"96","109",
"IN023351400","LUCKNOW AMAUSI, IN","2022-05-18",,"94","109","84"
"IN023351400","LUCKNOW AMAUSI, IN","2022-05-19",,"95","108","82"
"IN023351400","LUCKNOW AMAUSI, IN","2022-05-20",,"93","108",
"IN023351400","LUCKNOW AMAUSI, IN","2022-05-21","0.12","91","106","78"
"IN023351400","LUCKNOW AMAUSI, IN","2022-05-22","0.02","86","106","78"
"IN023351400","LUCKNOW AMAUSI, IN","2022-05-23","0.00","78","98",
"IN023351400","LUCKNOW AMAUSI, IN","2022-05-24","0.83","79","96","71"
"IN023351400","LUCKNOW AMAUSI, IN","2022-05-25","0.00","86","96",
"IN023351400","LUCKNOW AMAUSI, IN","2022-05-26",,"89","100",
"IN023351400","LUCKNOW AMAUSI, IN","2022-05-27",,"90","101","80"
"IN023351400","LUCKNOW AMAUSI, IN","2022-05-28","0.04","93","104","80"
"IN023351400","LUCKNOW AMAUSI, IN","2022-05-29","0.00","87","104",
"IN023351400","LUCKNOW AMAUSI, IN","2022-05-30",,"91","102",
"IN023351400","LUCKNOW AMAUSI, IN","2022-05-31",,"94","106",
"IN023351400","LUCKNOW AMAUSI, IN","2022-06-01",,"95","107",
"IN023351400","LUCKNOW AMAUSI, IN","2022-06-02",,"93","108","82"
"IN023351400","LUCKNOW AMAUSI, IN","2022-06-03",,"94","109","81"
"IN023351400","LUCKNOW AMAUSI, IN","2022-06-04",,"96","111","80"
"IN023351400","LUCKNOW AMAUSI, IN","2022-06-05",,"94",,
"IN023351400","LUCKNOW AMAUSI, IN","2022-06-06",,"95","109",
"IN023351400","LUCKNOW AMAUSI, IN","2022-06-07",,"96",,"86"
"IN023351400","LUCKNOW AMAUSI, IN","2022-06-08",,"95","109",
"IN023351400","LUCKNOW AMAUSI, IN","2022-06-09",,"97","111",
"IN023351400","LUCKNOW AMAUSI, IN","2022-06-10",,"96","111","85"
"IN023351400","LUCKNOW AMAUSI, IN","2022-06-11",,"97","110",
"IN023351400","LUCKNOW AMAUSI, IN","2022-06-12",,"96","110",
"IN023351400","LUCKNOW AMAUSI, IN","2022-06-13",,"98","110","87"
"IN023351400","LUCKNOW AMAUSI, IN","2022-06-14",,"98","110",
"IN023351400","LUCKNOW AMAUSI, IN","2022-06-15",,"97","109",
"IN023351400","LUCKNOW AMAUSI, IN","2022-06-16",,"90","108",
"IN023351400","LUCKNOW AMAUSI, IN","2022-06-17","0.00","92","104",
"IN023351400","LUCKNOW AMAUSI, IN","2022-06-18",,"91","104","84"
"IN023351400","LUCKNOW AMAUSI, IN","2022-06-19",,"90","101",
"IN023351400","LUCKNOW AMAUSI, IN","2022-06-20",,"89","100",
"IN023351400","LUCKNOW AMAUSI, IN","2022-06-21",,"85","99","80"
"IN023351400","LUCKNOW AMAUSI, IN","2022-06-22",,"91","102","80"
"IN023351400","LUCKNOW AMAUSI, IN","2022-06-23",,"90","102",
"IN023351400","LUCKNOW AMAUSI, IN","2022-06-24",,"94","104","84"
"IN023351400","LUCKNOW AMAUSI, IN","2022-06-25",,"92","104",
"IN023351400","LUCKNOW AMAUSI, IN","2022-06-26",,"93","103",
"IN023351400","LUCKNOW AMAUSI, IN","2022-06-27",,"92","103","86"
"IN023351400","LUCKNOW AMAUSI, IN","2022-06-28","0.00","89","105",
"IN023351400","LUCKNOW AMAUSI, IN","2022-06-29","0.00","83","105",
"IN023351400","LUCKNOW AMAUSI, IN","2022-06-30","1.85","79","91","76"
"IN023351400","LUCKNOW AMAUSI, IN","2022-07-01","0.31","88","96","79"
"IN023351400","LUCKNOW AMAUSI, IN","2022-07-02","0.03","86","96",
"IN023351400","LUCKNOW AMAUSI, IN","2022-07-03","0.00","88","100","81"
"IN023351400","LUCKNOW AMAUSI, IN","2022-07-04","0.16","91","100","84"
"IN023351400","LUCKNOW AMAUSI, IN","2022-07-05","0.00","92",,"85"
"IN023351400","LUCKNOW AMAUSI, IN","2022-07-06",,"93","101",
"IN023351400","LUCKNOW AMAUSI, IN","2022-07-07",,"91","101","86"
"IN023351400","LUCKNOW AMAUSI, IN","2022-07-08",,"94","103","86"
"IN023351400","LUCKNOW AMAUSI, IN","2022-07-09","0.00","89","103",
"IN023351400","LUCKNOW AMAUSI, IN","2022-07-10",,"92","102",
"IN023351400","LUCKNOW AMAUSI, IN","2022-07-11",,"93","102","86"
"IN023351400","LUCKNOW AMAUSI, IN","2022-07-12",,"92","102","86"
"IN023351400","LUCKNOW AMAUSI, IN","2022-07-13",,"93","102","86"
"IN023351400","LUCKNOW AMAUSI, IN","2022-07-14",,"92","103",
"IN023351400","LUCKNOW AMAUSI, IN","2022-07-15",,"92","103","83"
"IN023351400","LUCKNOW AMAUSI, IN","2022-07-16",,"87","102",
"IN023351400","LUCKNOW AMAUSI, IN","2022-07-17",,"92","100","85"
"IN023351400","LUCKNOW AMAUSI, IN","2022-07-18",,"92","101",
"IN023351400","LUCKNOW AMAUSI, IN","2022-07-19",,"92","101","86"
"IN023351400","LUCKNOW AMAUSI, IN","2022-07-20",,"82","101",
"IN023351400","LUCKNOW AMAUSI, IN","2022-07-21",,"81","94","77"
"IN023351400","LUCKNOW AMAUSI, IN","2022-07-22",,"83","91",
"IN023351400","LUCKNOW AMAUSI, IN","2022-07-23","0.47","86","94","79"
"IN023351400","LUCKNOW AMAUSI, IN","2022-07-24","0.08","86","94",
"IN023351400","LUCKNOW AMAUSI, IN","2022-07-25","0.02","80","94",
"IN023351400","LUCKNOW AMAUSI, IN","2022-07-26","1.06","84","92","76"
"IN023351400","LUCKNOW AMAUSI, IN","2022-07-27","0.00","83","92",
"IN023351400","LUCKNOW AMAUSI, IN","2022-07-28","0.04","82","90",
"IN023351400","LUCKNOW AMAUSI, IN","2022-07-29","0.03","83","91","80"
"IN023351400","LUCKNOW AMAUSI, IN","2022-07-30","0.43","82","91","79"
"IN023351400","LUCKNOW AMAUSI, IN","2022-07-31","0.04","85",,"80"
"IN023351400","LUCKNOW AMAUSI, IN","2022-08-01","0.08","87","95","81"
"IN023351400","LUCKNOW AMAUSI, IN","2022-08-02","0.00","85","95",
"IN023351400","LUCKNOW AMAUSI, IN","2022-08-03","0.00","83","94",
"IN023351400","LUCKNOW AMAUSI, IN","2022-08-04","0.91","85","94","78"
"IN023351400","LUCKNOW AMAUSI, IN","2022-08-05","0.24","87","95","79"
"IN023351400","LUCKNOW AMAUSI, IN","2022-08-06","0.00","87","97",
"IN023351400","LUCKNOW AMAUSI, IN","2022-08-07","0.04","83","97","78"
"IN023351400","LUCKNOW AMAUSI, IN","2022-08-08","0.59","87","95","78"
"IN023351400","LUCKNOW AMAUSI, IN","2022-08-09","0.00","89","95","82"
"IN023351400","LUCKNOW AMAUSI, IN","2022-08-10",,"87","95","82"
"IN023351400","LUCKNOW AMAUSI, IN","2022-08-11",,"86","95","82"
"IN023351400","LUCKNOW AMAUSI, IN","2022-08-12",,"85","93","80"
"IN023351400","LUCKNOW AMAUSI, IN","2022-08-13",,"88","97",
"IN023351400","LUCKNOW AMAUSI, IN","2022-08-14","0.59","86","97",
"IN023351400","LUCKNOW AMAUSI, IN","2022-08-15","0.02","83","94",
"IN023351400","LUCKNOW AMAUSI, IN","2022-08-16","0.16","84","92","78"
"IN023351400","LUCKNOW AMAUSI, IN","2022-08-17","0.00","87","95",
"IN023351400","LUCKNOW AMAUSI, IN","2022-08-18",,"86","95",
"IN023351400","LUCKNOW AMAUSI, IN","2022-08-19",,"83","96",
"IN023351400","LUCKNOW AMAUSI, IN","2022-08-20","0.47","84","96","76"
"IN023351400","LUCKNOW AMAUSI, IN","2022-08-21","0.12","86","93","81"
"IN023351400","LUCKNOW AMAUSI, IN","2022-08-22","0.00","85","94",
"IN023351400","LUCKNOW AMAUSI, IN","2022-08-23","0.20","85","94","78"
"IN023351400","LUCKNOW AMAUSI, IN","2022-08-24","0.12","82","93","78"
"IN023351400","LUCKNOW AMAUSI, IN","2022-08-25","0.04","83","90","79"
"IN023351400","LUCKNOW AMAUSI, IN","2022-08-26","0.35","84",,"80"
"IN023351400","LUCKNOW AMAUSI, IN","2022-08-27","0.00","87","97",
"IN023351400","LUCKNOW AMAUSI, IN","2022-08-28",,"83","97",
"IN023351400","LUCKNOW AMAUSI, IN","2022-08-29",,"85","94","78"
"IN023351400","LUCKNOW AMAUSI, IN","2022-08-30",,"84","94","80"
"IN023351400","LUCKNOW AMAUSI, IN","2022-08-31",,"86","96","79"
"IN023351400","LUCKNOW AMAUSI, IN","2022-09-01",,"80","94",
"IN023351400","LUCKNOW AMAUSI, IN","2022-09-02",,"83","94","77"
"IN023351400","LUCKNOW AMAUSI, IN","2022-09-03",,"85","97","79"
"IN023351400","LUCKNOW AMAUSI, IN","2022-09-04",,"87","98","79"
"IN023351400","LUCKNOW AMAUSI, IN","2022-09-05",,"87","98","80"
"IN023351400","LUCKNOW AMAUSI, IN","2022-09-06",,"88","99",
"IN023351400","LUCKNOW AMAUSI, IN","2022-09-07",,"87","99",
"IN023351400","LUCKNOW AMAUSI, IN","2022-09-08",,"87","97","78"
"IN023351400","LUCKNOW AMAUSI, IN","2022-09-09",,"86","96","80"
"IN023351400","LUCKNOW AMAUSI, IN","2022-09-10",,"87","96",
"IN023351400","LUCKNOW AMAUSI, IN","2022-09-11",,"85","96",
"IN023351400","LUCKNOW AMAUSI, IN","2022-09-12","0.00","84","96",
"IN023351400","LUCKNOW AMAUSI, IN","2022-09-13","0.00","81","92",
"IN023351400","LUCKNOW AMAUSI, IN","2022-09-14","0.35","78","87","77"
"IN023351400","LUCKNOW AMAUSI, IN","2022-09-15","1.89","79",,"77"
"IN023351400","LUCKNOW AMAUSI, IN","2022-09-16","6.30","80","85","76"
"IN023351400","LUCKNOW AMAUSI, IN","2022-09-17","0.04","81",,"78"
"IN023351400","LUCKNOW AMAUSI, IN","2022-09-18","0.00","82",,"78"
"IN023351400","LUCKNOW AMAUSI, IN","2022-09-19","0.04","85",,"78"
"IN023351400","LUCKNOW AMAUSI, IN","2022-09-20","0.00","84","93","78"
"IN023351400","LUCKNOW AMAUSI, IN","2022-09-21","0.55","83","92","78"
"IN023351400","LUCKNOW AMAUSI, IN","2022-09-22","0.02","84",,
"IN023351400","LUCKNOW AMAUSI, IN","2022-09-23","0.08","81","91",
"IN023351400","LUCKNOW AMAUSI, IN","2022-09-24","0.20","81","92","76"
"IN023351400","LUCKNOW AMAUSI, IN","2022-09-25","0.16","78","88",
"IN023351400","LUCKNOW AMAUSI, IN","2022-09-26","0.87","81",,"76"
"IN023351400","LUCKNOW AMAUSI, IN","2022-09-27","0.01","84",,
"IN023351400","LUCKNOW AMAUSI, IN","2022-09-28","0.00","84","92","76"
"IN023351400","LUCKNOW AMAUSI, IN","2022-09-29",,"85",,
"IN023351400","LUCKNOW AMAUSI, IN","2022-09-30",,"84","94",
"IN023351400","LUCKNOW AMAUSI, IN","2022-10-01",,"84","94","75"
"IN023351400","LUCKNOW AMAUSI, IN","2022-10-02",,"84","93",
"IN023351400","LUCKNOW AMAUSI, IN","2022-10-03",,"86","94","78"
"IN023351400","LUCKNOW AMAUSI, IN","2022-10-04",,"82","94","78"
"IN023351400","LUCKNOW AMAUSI, IN","2022-10-05","0.43","76","91",
"IN023351400","LUCKNOW AMAUSI, IN","2022-10-06","2.44","75","79",
"IN023351400","LUCKNOW AMAUSI, IN","2022-10-07","0.04","76",,"73"
"IN023351400","LUCKNOW AMAUSI, IN","2022-10-08","0.04","79",,"73"
"IN023351400","LUCKNOW AMAUSI, IN","2022-10-09","0.12","79",,
"IN023351400","LUCKNOW AMAUSI, IN","2022-10-10","2.56","73","91","70"
"IN023351400","LUCKNOW AMAUSI, IN","2022-10-11","2.01","76","81",
"IN023351400","LUCKNOW AMAUSI, IN","2022-10-12","0.00","79",,"72"
"IN023351400","LUCKNOW AMAUSI, IN","2022-10-13",,"80","90","73"
"IN023351400","LUCKNOW AMAUSI, IN","2022-10-14",,"78","90",
"IN023351400","LUCKNOW AMAUSI, IN","2022-10-15",,"78","90","69"
"IN023351400","LUCKNOW AMAUSI, IN","2022-10-16",,"79","89","67"
"IN023351400","LUCKNOW AMAUSI, IN","2022-10-17",,"80",,
"IN023351400","LUCKNOW AMAUSI, IN","2022-10-18",,"78",,"70"
"IN023351400","LUCKNOW AMAUSI, IN","2022-10-19",,"78","90","68"
"IN023351400","LUCKNOW AMAUSI, IN","2022-10-20",,"79",,"68"
"IN023351400","LUCKNOW AMAUSI, IN","2022-10-21",,"78","91","68"
"IN023351400","LUCKNOW AMAUSI, IN","2022-10-22",,"78","90","68"
"IN023351400","LUCKNOW AMAUSI, IN","2022-10-23",,"77","90",
"IN023351400","LUCKNOW AMAUSI, IN","2022-10-24",,"76",,"64"
"IN023351400","LUCKNOW AMAUSI, IN","2022-10-25",,"74","90",
"IN023351400","LUCKNOW AMAUSI, IN","2022-10-26",,"74","89","62"
"IN023351400","LUCKNOW AMAUSI, IN","2022-10-27",,"75","89","62"
"IN023351400","LUCKNOW AMAUSI, IN","2022-10-28",,"75","88","64"
"IN023351400","LUCKNOW AMAUSI, IN","2022-10-29",,"76","88","64"
"IN023351400","LUCKNOW AMAUSI, IN","2022-10-30",,"75","87","66"
"IN023351400","LUCKNOW AMAUSI, IN","2022-10-31",,"75","86",
"IN023351400","LUCKNOW AMAUSI, IN","2022-11-01",,"74",,"63"
"IN023351400","LUCKNOW AMAUSI, IN","2022-11-02",,"75",,"62"
"IN023351400","LUCKNOW AMAUSI, IN","2022-11-03",,"75","88","63"
"IN023351400","LUCKNOW AMAUSI, IN","2022-11-04",,"75","87","64"
"IN023351400","LUCKNOW AMAUSI, IN","2022-11-05",,"76",,"67"
"IN023351400","LUCKNOW AMAUSI, IN","2022-11-06",,"75","89","66"
"IN023351400","LUCKNOW AMAUSI, IN","2022-11-07",,"75","89","64"
"IN023351400","LUCKNOW AMAUSI, IN","2022-11-08",,"76","88","65"
"IN023351400","LUCKNOW AMAUSI, IN","2022-11-09",,"75","89",
"IN023351400","LUCKNOW AMAUSI, IN","2022-11-10",,"74","86",
"IN023351400","LUCKNOW AMAUSI, IN","2022-11-11",,"71","85",
"IN023351400","LUCKNOW AMAUSI, IN","2022-11-12",,"69","85",
"IN023351400","LUCKNOW AMAUSI, IN","2022-11-13",,"68","84",
"IN023351400","LUCKNOW AMAUSI, IN","2022-11-14",,"68","83",
"IN023351400","LUCKNOW AMAUSI, IN","2022-11-15",,"71",,
"IN023351400","LUCKNOW AMAUSI, IN","2022-11-16",,"72","86","60"
"IN023351400","LUCKNOW AMAUSI, IN","2022-11-17",,"67","85",
"IN023351400","LUCKNOW AMAUSI, IN","2022-11-18",,"65","80","55"
"IN023351400","LUCKNOW AMAUSI, IN","2022-11-19",,"65","80","55"
"IN023351400","LUCKNOW AMAUSI, IN","2022-11-20",,"67",,
"IN023351400","LUCKNOW AMAUSI, IN","2022-11-21",,"68","82",
"IN023351400","LUCKNOW AMAUSI, IN","2022-11-22",,"67","82","55"
"IN023351400","LUCKNOW AMAUSI, IN","2022-11-23",,"66","83",
"IN023351400","LUCKNOW AMAUSI, IN","2022-11-24",,"64","80","52"
"IN023351400","LUCKNOW AMAUSI, IN","2022-11-25",,"66","81","53"
"IN023351400","LUCKNOW AMAUSI, IN","2022-11-26",,"65","81","54"
"IN023351400","LUCKNOW AMAUSI, IN","2022-11-27",,"66","81",
"IN023351400","LUCKNOW AMAUSI, IN","2022-11-28",,"67","81","55"
"IN023351400","LUCKNOW AMAUSI, IN","2022-11-29",,"67","82","57"
"IN023351400","LUCKNOW AMAUSI, IN","2022-11-30",,"66","82",
"IN023351400","LUCKNOW AMAUSI, IN","2022-12-01",,"64","79",
"IN023351400","LUCKNOW AMAUSI, IN","2022-12-02",,"64","80","53"
"IN023351400","LUCKNOW AMAUSI, IN","2022-12-03",,"65","80","54"
"IN023351400","LUCKNOW AMAUSI, IN","2022-12-04",,"63","79","54"
"IN023351400","LUCKNOW AMAUSI, IN","2022-12-05",,"63","77","54"
"IN023351400","LUCKNOW AMAUSI, IN","2022-12-06",,"61","78",
"IN023351400","LUCKNOW AMAUSI, IN","2022-12-07",,"62","78","52"
"IN023351400","LUCKNOW AMAUSI, IN","2022-12-08",,"62","77",
"IN023351400","LUCKNOW AMAUSI, IN","2022-12-09",,"65","81",
"IN023351400","LUCKNOW AMAUSI, IN","2022-12-10",,"64","81",
"IN023351400","LUCKNOW AMAUSI, IN","2022-12-11",,"66","82",
"IN023351400","LUCKNOW AMAUSI, IN","2022-12-12",,"67",,"55"
"IN023351400","LUCKNOW AMAUSI, IN","2022-12-13",,"65","83",
"IN023351400","LUCKNOW AMAUSI, IN","2022-12-14",,"62","81","52"
"IN023351400","LUCKNOW AMAUSI, IN","2022-12-15",,"60",,"49"
"IN023351400","LUCKNOW AMAUSI, IN","2022-12-16",,"62","79","49"
"IN023351400","LUCKNOW AMAUSI, IN","2022-12-17",,"60","76","48"
"IN023351400","LUCKNOW AMAUSI, IN","2022-12-18",,"60","75","50"
"IN023351400","LUCKNOW AMAUSI, IN","2022-12-19",,"59","74","49"
"IN023351400","LUCKNOW AMAUSI, IN","2022-12-20",,"56","73",
"IN023351400","LUCKNOW AMAUSI, IN","2022-12-21",,"61",,"46"
"IN023351400","LUCKNOW AMAUSI, IN","2022-12-22",,"62",,"47"
"IN023351400","LUCKNOW AMAUSI, IN","2022-12-23",,"66","79","53"
"IN023351400","LUCKNOW AMAUSI, IN","2022-12-24","0.02","66","79",
"IN023351400","LUCKNOW AMAUSI, IN","2022-12-25","0.00","61","78","50"
"IN023351400","LUCKNOW AMAUSI, IN","2022-12-26",,"56","74",
"IN023351400","LUCKNOW AMAUSI, IN","2022-12-27",,"52","71","44"
"IN023351400","LUCKNOW AMAUSI, IN","2022-12-28",,"56",,
"IN023351400","LUCKNOW AMAUSI, IN","2022-12-29",,"56","72",
"IN023351400","LUCKNOW AMAUSI, IN","2022-12-30",,"58",,"47"
"IN023351400","LUCKNOW AMAUSI, IN","2022-12-31",,"55","71",
"IN023351400","LUCKNOW AMAUSI, IN","2023-01-01",,"56",,
"IN023351400","LUCKNOW AMAUSI, IN","2023-01-02",,"52","64",
"IN023351400","LUCKNOW AMAUSI, IN","2023-01-03",,"48","63","44"
"IN023351400","LUCKNOW AMAUSI, IN","2023-01-04",,"49",,
"IN023351400","LUCKNOW AMAUSI, IN","2023-01-05",,"48",,"43"
"IN023351400","LUCKNOW AMAUSI, IN","2023-01-06",,"47","60",
"IN023351400","LUCKNOW AMAUSI, IN","2023-01-07",,"46",,
"IN023351400","LUCKNOW AMAUSI, IN","2023-01-08",,"47","56","39"
"IN023351400","LUCKNOW AMAUSI, IN","2023-01-09",,"47",,"40"
"IN023351400","LUCKNOW AMAUSI, IN","2023-01-10",,"48","58","44"
"IN023351400","LUCKNOW AMAUSI, IN","2023-01-11",,"50",,"44"
"IN023351400","LUCKNOW AMAUSI, IN","2023-01-12",,"55",,"44"
"IN023351400","LUCKNOW AMAUSI, IN","2023-01-13",,"60",,"50"
"IN023351400","LUCKNOW AMAUSI, IN","2023-01-14",,"59","72","49"
"IN023351400","LUCKNOW AMAUSI, IN","2023-01-15",,"54","72",
"IN023351400","LUCKNOW AMAUSI, IN","2023-01-16",,"52","65","41"
"IN023351400","LUCKNOW AMAUSI, IN","2023-01-17",,"53","67","42"
"IN023351400","LUCKNOW AMAUSI, IN","2023-01-18",,"54",,"42"
"IN023351400","LUCKNOW AMAUSI, IN","2023-01-19",,"56",,"44"
"IN023351400","LUCKNOW AMAUSI, IN","2023-01-20",,"60",,"44"
"IN023351400","LUCKNOW AMAUSI, IN","2023-01-21",,"62",,"51"
"IN023351400","LUCKNOW AMAUSI, IN","2023-01-22",,"62","76",
"IN023351400","LUCKNOW AMAUSI, IN","2023-01-23",,"66","76",
"IN023351400","LUCKNOW AMAUSI, IN","2023-01-24",,"69",,"56"
"IN023351400","LUCKNOW AMAUSI, IN","2023-01-25","0.02","63","79","56"
"IN023351400","LUCKNOW AMAUSI, IN","2023-01-26","0.16","65",,"56"
"IN023351400","LUCKNOW AMAUSI, IN","2023-01-27","0.00","58","77",
"IN023351400","LUCKNOW AMAUSI, IN","2023-01-28",,"58",,"47"
"IN023351400","LUCKNOW AMAUSI, IN","2023-01-29",,"61","73","46"
"IN023351400","LUCKNOW AMAUSI, IN","2023-01-30",,"62","76","52"
"IN023351400","LUCKNOW AMAUSI, IN","2023-01-31","0.00","62","74","54"
"IN023351400","LUCKNOW AMAUSI, IN","2023-02-01",,"58","73",
"IN023351400","LUCKNOW AMAUSI, IN","2023-02-02",,"60",,"47"
"IN023351400","LUCKNOW AMAUSI, IN","2023-02-03",,"61","76","50"
"IN023351400","LUCKNOW AMAUSI, IN","2023-02-04",,"63",,"51"
"IN023351400","LUCKNOW AMAUSI, IN","2023-02-05",,"63",,
"IN023351400","LUCKNOW AMAUSI, IN","2023-02-06",,"66",,
"IN023351400","LUCKNOW AMAUSI, IN","2023-02-07",,"69",,
"IN023351400","LUCKNOW AMAUSI, IN","2023-02-08",,"64","82","54"
"IN023351400","LUCKNOW AMAUSI, IN","2023-02-09",,"65",,
"IN023351400","LUCKNOW AMAUSI, IN","2023-02-10",,"69",,
"IN023351400","LUCKNOW AMAUSI, IN","2023-02-11",,"71","86",
"IN023351400","LUCKNOW AMAUSI, IN","2023-02-12",,"65","87",
"IN023351400","LUCKNOW AMAUSI, IN","2023-02-13",,"60","79",
"IN023351400","LUCKNOW AMAUSI, IN","2023-02-14",,"61","74","49"
"IN023351400","LUCKNOW AMAUSI, IN","2023-02-15",,"64",,"51"
"IN023351400","LUCKNOW AMAUSI, IN","2023-02-16",,"68",,
"IN023351400","LUCKNOW AMAUSI, IN","2023-02-17",,"69","83",
"IN023351400","LUCKNOW AMAUSI, IN","2023-02-18",,"70","86",
"IN023351400","LUCKNOW AMAUSI, IN","2023-02-19",,"70","86","59"
"IN023351400","LUCKNOW AMAUSI, IN","2023-02-20",,"73",,"59"
"IN023351400","LUCKNOW AMAUSI, IN","2023-02-21",,"74","89","61"
"IN023351400","LUCKNOW AMAUSI, IN","2023-02-22",,"74","91","60"
"IN023351400","LUCKNOW AMAUSI, IN","2023-02-23",,"72","90","57"
"IN023351400","LUCKNOW AMAUSI, IN","2023-02-24",,"69","88","57"
"IN023351400","LUCKNOW AMAUSI, IN","2023-02-25",,"70",,"55"
"IN023351400","LUCKNOW AMAUSI, IN","2023-02-26",,"72","88",
"IN023351400","LUCKNOW AMAUSI, IN","2023-02-27",,"73","88","60"
"IN023351400","LUCKNOW AMAUSI, IN","2023-02-28",,"75",,"62"
"IN023351400","LUCKNOW AMAUSI, IN","2023-03-01",,"74","90",
"IN023351400","LUCKNOW AMAUSI, IN","2023-03-02",,"76",,"62"
"IN023351400","LUCKNOW AMAUSI, IN","2023-03-03",,"78","91",
"IN023351400","LUCKNOW AMAUSI, IN","2023-03-04",,"75","91",
"IN023351400","LUCKNOW AMAUSI, IN","2023-03-05",,"74","90",
"IN023351400","LUCKNOW AMAUSI, IN","2023-03-06",,"74","89","62"
"IN023351400","LUCKNOW AMAUSI, IN","2023-03-07",,"76","88","63"
"IN023351400","LUCKNOW AMAUSI, IN","2023-03-08",,"75","89",
"IN023351400","LUCKNOW AMAUSI, IN","2023-03-09","0.00","74","90",
"IN023351400","LUCKNOW AMAUSI, IN","2023-03-10",,"75","88","64"
"IN023351400","LUCKNOW AMAUSI, IN","2023-03-11",,"76","88","63"
"IN023351400","LUCKNOW AMAUSI, IN","2023-03-12",,"76",,"64"
"IN023351400","LUCKNOW AMAUSI, IN","2023-03-13",,"76","91","64"
"IN023351400","LUCKNOW AMAUSI, IN","2023-03-14",,"78","91",
"IN023351400","LUCKNOW AMAUSI, IN","2023-03-15",,"79",,"65"
"IN023351400","LUCKNOW AMAUSI, IN","2023-03-16",,"79","95","67"
"IN023351400","LUCKNOW AMAUSI, IN","2023-03-17",,"74","91",
"IN023351400","LUCKNOW AMAUSI, IN","2023-03-18","0.00","72","81",
